user,text,time,compound analysis,positive analysis,negative analysis,neutral analysis
@CNN,"Every year, officials on Christmas Island close roads for millions of red crabs migrating across the island‚Ä¶ https://t.co/GBOMsyaolR",Sun Dec 24 04:01:53 +0000 2017,0.0,0.0,0.0,1.0
@CNN,"Nearly 7 in 10 Americans say sexual harassment is a very serious problem, according to a new CNN Poll, a 34-point s‚Ä¶ https://t.co/OHtvSqLB7n",Sun Dec 24 03:30:04 +0000 2017,-0.7947,0.0,0.335,0.665
@CNN,"Almost 6 in 10 Americans have a favorable opinion about Joe Biden in a new CNN national poll, a finding sure to giv‚Ä¶ https://t.co/pml2FdVplm",Sun Dec 24 03:00:12 +0000 2017,0.6597,0.231,0.0,0.769
@CNN,At least 37 people are missing and feared dead after a fire broke out at a shopping mall in the southern Philippine‚Ä¶ https://t.co/5PfGUpGR32,Sun Dec 24 02:37:03 +0000 2017,-0.9313,0.0,0.482,0.518
@CNN,President Trump's holiday visit to Mar-a-Lago marks the 106th day he has visited one of his properties as President‚Ä¶ https://t.co/wZ9SmPIf7R,Sun Dec 24 02:30:15 +0000 2017,0.4019,0.124,0.0,0.876
@CNN,Meet the culinary master known as ‚Äòpapa‚Äô | via @CNNTravel https://t.co/V1KFRylc3S https://t.co/1g6gcgHBTw,Sun Dec 24 02:02:58 +0000 2017,0.0,0.0,0.0,1.0
@CNN,"Hundreds of EPA employees have left the agency over the course of President Trump's first year in office, according‚Ä¶ https://t.co/trj3fCwtzx",Sun Dec 24 01:30:08 +0000 2017,0.0,0.0,0.0,1.0
@CNN,Ohio Gov. John Kasich has signed a bill that prohibits women from having abortions if tests reveal that a fetus has‚Ä¶ https://t.co/UaZuveGR1k,Sun Dec 24 01:00:14 +0000 2017,0.0,0.0,0.0,1.0
@CNN,Pardon the interruption: This Virgin Australia employee surprised passengers with an amazing rendition of a Christm‚Ä¶ https://t.co/F5bal3v7B2,Sun Dec 24 00:31:05 +0000 2017,0.6705,0.356,0.111,0.533
@CNN,A video capturing an unidentified object flying off the coast of San Diego in 2004 has been released by the US Depa‚Ä¶ https://t.co/U5HQucNjg9,Sun Dec 24 00:16:23 +0000 2017,0.0,0.0,0.0,1.0
@CNN,"About 85% of young children in the United States believe in Santa Claus, and that percentage has not changed since‚Ä¶ https://t.co/D5ER57xnx4",Sun Dec 24 00:00:17 +0000 2017,0.4215,0.123,0.0,0.877
@CNN,"The US government has lifted a ban on making lethal viruses, saying the research is necessary to develop strategies‚Ä¶ https://t.co/gZcBIGjnT3",Sat Dec 23 23:45:04 +0000 2017,-0.5574,0.0,0.167,0.833
@CNN,"""My personal belief is that there is very compelling evidence that we may not be alone,"" says former military intel‚Ä¶ https://t.co/VyAPdvtb8V",Sat Dec 23 23:31:30 +0000 2017,0.2944,0.099,0.0,0.901
@CNN,This may be the best food friendship in New York City | via @CNNTravel https://t.co/XMsmOANaZr https://t.co/Mrbfcyfpxw,Sat Dec 23 23:15:22 +0000 2017,0.7964,0.353,0.0,0.647
@CNN,The US Coast Guard rescued a sea turtle entangled in bundles of cocaine off the coast of Florida https://t.co/BIx43Sk9HB,Sat Dec 23 23:02:07 +0000 2017,0.4215,0.141,0.0,0.859
@CNN,Vice Media apologizes in response to bombshell story on the company's history of sexual harassment and misogyny‚Ä¶ https://t.co/Ro0z8pugmD,Sat Dec 23 22:45:11 +0000 2017,-0.25,0.114,0.159,0.727
@CNN,Three Miss America Organization leaders resign after report about emails https://t.co/7ZY0IqRfen https://t.co/y4WYlHdKQG,Sat Dec 23 22:30:06 +0000 2017,-0.4588,0.0,0.286,0.714
@CNN,Princess Michael of Kent has apologized for wearing a controversial brooch to a Buckingham Palace lunch attended by‚Ä¶ https://t.co/O2MNjSAL3R,Sat Dec 23 22:15:10 +0000 2017,0.128,0.12,0.094,0.785
@CNN,Invention targets 'porch pirates' to keep them from swiping holiday packages https://t.co/GPyMZd3rsM https://t.co/Y498jN23MC,Sat Dec 23 22:00:18 +0000 2017,0.4019,0.184,0.0,0.816
@CNN,Apple has acknowledged what many iPhone owners long suspected: It has slowed older phones https://t.co/liT13KLQLL https://t.co/aKoXNCtV6h,Sat Dec 23 21:45:08 +0000 2017,-0.2263,0.0,0.112,0.888
@CNN,This Syrian baby lost his eye to war. Now people are covering their eyes in solidarity. https://t.co/l960SvlUye https://t.co/Pn7yVaKKwa,Sat Dec 23 21:30:06 +0000 2017,-0.6124,0.094,0.265,0.641
@CNN,"US ambassador apologizes for 2015 remarks he had called ""fake news"" https://t.co/Jvv9LEly5I https://t.co/Sxr8zHDMVL",Sat Dec 23 21:15:02 +0000 2017,-0.1531,0.151,0.187,0.663
@CNN,"President Trump's new coin remakes the US in his own gaudy image, writes Dean Obeidallah for @CNNOpinion‚Ä¶ https://t.co/kYPeWVi0Ui",Sat Dec 23 21:00:04 +0000 2017,0.0,0.0,0.0,1.0
@CNN,Kmart must pay $59 million in drug fraud settlement https://t.co/FKjOk3wjMB https://t.co/wqv5YWmULn,Sat Dec 23 20:45:10 +0000 2017,-0.6369,0.0,0.366,0.634
@CNN,"The White House denies a New York Times report stating that President Trump said Haitian immigrants ""all have AIDS""‚Ä¶ https://t.co/E2IFu04Ulu",Sat Dec 23 20:30:06 +0000 2017,-0.4215,0.0,0.135,0.865
@CNN,"Deputies' stray bullet has killed a 6-year-old boy in Texas, sheriff says https://t.co/lhFISW26gQ https://t.co/J0TIHXCdeL",Sat Dec 23 20:00:08 +0000 2017,-0.6705,0.0,0.273,0.727
@CNN,"An all-female cast gives the ""Oceans 8"" trailer a feminine twist on the franchise https://t.co/eFp6CTp0cl https://t.co/pOCz64f89T",Sat Dec 23 19:45:10 +0000 2017,0.0,0.0,0.0,1.0
@CNN,"Bruce McCandless, the first astronaut to float untethered in space, has died https://t.co/NerJHp38gK https://t.co/f5LwmAjyrd",Sat Dec 23 19:30:05 +0000 2017,-0.5574,0.0,0.217,0.783
@CNN,"SpaceX launch leaves ghostly, glowing trail in the sky https://t.co/pV806THH8b https://t.co/E3TQei8PIf",Sat Dec 23 19:15:30 +0000 2017,0.0,0.0,0.0,1.0
@CNN,"""They use black men as slaves."" Migrants tell of brutality in Libya https://t.co/lhAC5p7AbZ https://t.co/pIfjkyM26a",Sat Dec 23 19:00:20 +0000 2017,-0.6124,0.0,0.235,0.765
@CNN,More than 100 million Americans are expected to travel over the holidays https://t.co/suAF1j0obu https://t.co/2EnVQrHPRp,Sat Dec 23 18:45:04 +0000 2017,0.3818,0.167,0.0,0.833
@CNN,The suspect in the Melbourne car attack has been charged with 18 counts of attempted murder https://t.co/VOP8tH5pjY https://t.co/HHS02nGJOj,Sat Dec 23 18:30:24 +0000 2017,-0.8957,0.0,0.457,0.543
@CNN,The Thomas Fire is now the largest blaze in California history https://t.co/GAej0l145p https://t.co/f7ETw4ZRhC,Sat Dec 23 18:15:17 +0000 2017,-0.34,0.0,0.167,0.833
@CNN,Celebrating Festivus can be as easy as following these 5 steps https://t.co/7APkyPMt7W https://t.co/ZpuPwfRHum,Sat Dec 23 18:00:32 +0000 2017,0.765,0.398,0.0,0.602
@CNN,Tropical Storm Tembin leaves dozens dead in the Philippines https://t.co/MUoNldNM9e https://t.co/thGTVJxnIp,Sat Dec 23 17:45:16 +0000 2017,-0.6486,0.0,0.301,0.699
@CNN,Musician Mariah Carey to return to Times Square for New Year's Eve after last year's mishap https://t.co/k9bIm7qilj https://t.co/FtLAkyvjZ4,Sat Dec 23 17:30:10 +0000 2017,0.0,0.0,0.0,1.0
@CNN,How world leaders fared in a turbulent year https://t.co/A2Udc6Ykny https://t.co/xsm84YcGZC,Sat Dec 23 17:15:06 +0000 2017,0.0,0.0,0.0,1.0
@CNN,These four chefs met in the ‚Äò80s ‚Ä¶ and changed everything | via @CNNTravel https://t.co/luLioPntqx https://t.co/jEXG2QeDB9,Sat Dec 23 17:00:28 +0000 2017,0.0,0.0,0.0,1.0
@CNN,Bitcoin rebounds after serious slump https://t.co/Jg0Ym9FgJP https://t.co/DbCC85gIWU,Sat Dec 23 16:45:08 +0000 2017,-0.0772,0.0,0.178,0.822
@CNN,"President Trump has departed the White House for vacation at his Florida club, Mar-a-Lago, where is known for colle‚Ä¶ https://t.co/oMfMSCEUuh",Sat Dec 23 16:30:09 +0000 2017,0.0,0.0,0.0,1.0
@CNN,"Donald J. Trump is America's first Festivus President, writes Gregory Krieg https://t.co/CPPjI2MVCL https://t.co/qDOXzq6v18",Sat Dec 23 16:15:08 +0000 2017,0.0,0.0,0.0,1.0
@CNN,"Christmas is about finding what's holy in all of us, writes Jay Parini for @CNNOpinion https://t.co/MvBzadUmEp https://t.co/ZY0eim7VWh",Sat Dec 23 16:00:17 +0000 2017,0.0,0.0,0.0,1.0
@CNN,London's Big Ben bell is chiming again after falling silent for restoration work https://t.co/i8MvW863Eh https://t.co/NPoj0TzkKr,Sat Dec 23 15:45:12 +0000 2017,-0.1531,0.0,0.103,0.897
@CNN,An aardvark is dead and meerkats are missing after a fire forced London Zoo to close https://t.co/3EiLE8dR8u https://t.co/rSm3mq2N73,Sat Dec 23 15:30:03 +0000 2017,-0.8979,0.0,0.478,0.522
@CNN,This Syrian baby lost his eye to war. Now people are covering their eyes in solidarity. https://t.co/aKFzSqli3t https://t.co/Cv9s2x7tj8,Sat Dec 23 15:15:31 +0000 2017,-0.6124,0.094,0.265,0.641
@CNN,John Legend cast as Jesus Christ in upcoming NBC live musical https://t.co/DTbKz7wp4I https://t.co/KAzyubFOcL,Sat Dec 23 15:00:23 +0000 2017,0.0,0.0,0.0,1.0
@CNN,A baby born with her heart outside her body has survived three surgeries to insert it back into her chest‚Ä¶ https://t.co/7bJkJJRbWn,Sat Dec 23 14:30:28 +0000 2017,0.5106,0.148,0.0,0.852
@CNN,Apple has acknowledged what many iPhone owners long suspected: It has slowed older phones https://t.co/5eN9eIC4dc https://t.co/B5dMGHPpd0,Sat Dec 23 14:00:27 +0000 2017,-0.2263,0.0,0.112,0.888
@CNN,"Almost 6 in 10 Americans have a favorable opinion about Joe Biden in a new CNN national poll, a finding sure to giv‚Ä¶ https://t.co/OdAqEumjoD",Sat Dec 23 13:30:03 +0000 2017,0.6597,0.231,0.0,0.769
@CNN,Princess Michael of Kent apologized for wearing a controversial brooch to a Buckingham Palace lunch attended by Pri‚Ä¶ https://t.co/Oy9qqISERL,Sat Dec 23 13:23:50 +0000 2017,0.128,0.12,0.094,0.785
@CNN,"The US government has lifted a ban on making lethal viruses, saying the research is necessary to develop strategies‚Ä¶ https://t.co/zvfPpv2V1K",Sat Dec 23 13:00:26 +0000 2017,-0.5574,0.0,0.167,0.833
@CNN,"Nearly 7 in 10 Americans say sexual harassment is a very serious problem, according to a new CNN Poll, a 34-point s‚Ä¶ https://t.co/67sLINlxzo",Sat Dec 23 12:30:16 +0000 2017,-0.7947,0.0,0.335,0.665
@CNN,The strange and fascinating stories behind your favorite Christmas songs https://t.co/VhKiyUIYN2 https://t.co/xptKCPV5mb,Sat Dec 23 12:00:21 +0000 2017,0.6908,0.376,0.104,0.52
@CNN,A video capturing an unidentified object flying off the coast of San Diego in 2004 has been released by the US Depa‚Ä¶ https://t.co/79cUVGD5kr,Sat Dec 23 11:30:57 +0000 2017,0.0,0.0,0.0,1.0
@CNN,The US Coast Guard rescued a sea turtle entangled in bundles of cocaine off the coast of Florida https://t.co/cxnbI5JglE,Sat Dec 23 11:02:46 +0000 2017,0.4215,0.141,0.0,0.859
@CNN,9-year-old Schnaika was brought to the US for treatment after she was injured in Haiti's 2010 earthquake. But despi‚Ä¶ https://t.co/dgZ72yUT8H,Sat Dec 23 10:30:11 +0000 2017,-0.4019,0.0,0.124,0.876
@CNN,The 10 health questions that had you Googling this year https://t.co/WRtQrjNmus https://t.co/Tq5m6v7SiE,Sat Dec 23 10:00:29 +0000 2017,0.0,0.0,0.0,1.0
@CNN,"Tropical Storm Tembin hit the island of Mindanao in the Philippines, killing at least 75 people, authorities said.‚Ä¶ https://t.co/pxMVxvyi8b",Sat Dec 23 09:47:59 +0000 2017,-0.6597,0.0,0.196,0.804
@CNN,"The Winter Olympics, a royal wedding and really, really good movies: Here are 18 things you can look forward to in‚Ä¶ https://t.co/rOqZSxWjQM",Sat Dec 23 09:30:18 +0000 2017,0.5379,0.148,0.0,0.852
@CNN,Does Christmas music turn you into the Grinch? https://t.co/7LFSwhZFNO https://t.co/4YSKH09ic7,Sat Dec 23 09:00:19 +0000 2017,0.0,0.0,0.0,1.0
@CNN,"2017 in photos: News, Politics, Sports https://t.co/8MGUhcAuOQ https://t.co/V8YwBwRNx9",Sat Dec 23 08:31:33 +0000 2017,0.0,0.0,0.0,1.0
@CNN,"From a new US President to hurricanes and #metoo, take a look back at the long, turbulent trip 2017 has been.‚Ä¶ https://t.co/nHwKEpAy1e",Sat Dec 23 08:00:17 +0000 2017,0.0,0.0,0.0,1.0
@CNN,"""This is not an ordinary flight."" Air Canada took a 787 Dreamliner out of normal operation to be an actual runway m‚Ä¶ https://t.co/e0lhk5P42j",Sat Dec 23 07:46:06 +0000 2017,0.0,0.0,0.0,1.0
@CNN,2017: The year feminism fought back https://t.co/MfZGojK3k0 https://t.co/lsLIdk2Dz1,Sat Dec 23 07:30:11 +0000 2017,-0.3182,0.0,0.247,0.753
@CNN,"Cancer patients between the ages of 15 and 39 are too young for some treatments, too old for others: Can technology‚Ä¶ https://t.co/dvh166Qz0L",Sat Dec 23 07:16:05 +0000 2017,-0.6597,0.0,0.173,0.827
@CNN,"2017 in politics, GIF-wrapped https://t.co/83mhmEP05w https://t.co/Jn39ZQUEDW",Sat Dec 23 07:00:43 +0000 2017,0.0,0.0,0.0,1.0
@CNN,Val Kilmer has gone from denying he had cancer to being much more open about his diagnosis https://t.co/XrmC8xyvDl https://t.co/bIBeQHL4jF,Sat Dec 23 06:46:03 +0000 2017,-0.7783,0.0,0.286,0.714
@CNN,Take a look back at the photos that shaped 2017 https://t.co/eWqS6bWv8Q https://t.co/g2aJErnoUm,Sat Dec 23 06:30:17 +0000 2017,0.0,0.0,0.0,1.0
@CNN,The wreck of Australia's oldest submarine has been discovered off the coast of Papua New Guinea after disappearing‚Ä¶ https://t.co/u9W9SwJIsv,Sat Dec 23 06:16:43 +0000 2017,-0.4404,0.0,0.139,0.861
@CNN,"Why the rituals that ""our family does"" make it stronger while promoting early development. https://t.co/JHQIu1RqG5 https://t.co/aOTq1LLo2g",Sat Dec 23 06:00:21 +0000 2017,0.6249,0.267,0.0,0.733
@CNN,The government in Delhi has turned to an unusual solution to tackle air pollution: a water mist cannon‚Ä¶ https://t.co/DEu6q8QFbQ,Sat Dec 23 05:46:05 +0000 2017,0.3182,0.119,0.0,0.881
@CNN,"About 85% of young children in the United States believe in Santa Claus, and that percentage has not changed since‚Ä¶ https://t.co/dTG02RgkA3",Sat Dec 23 05:30:09 +0000 2017,0.4215,0.123,0.0,0.877
@CNN,"""I didn't call that fake news."" The new US ambassador to the Netherlands lied twice to a Dutch news crew: first, he‚Ä¶ https://t.co/STmCEHe3Cd",Sat Dec 23 05:16:03 +0000 2017,-0.0119,0.102,0.103,0.795
@CNN,Six mind-body tips for less holiday stress https://t.co/kTI8Ul3HLn https://t.co/rt3GGQnwds,Sat Dec 23 05:00:28 +0000 2017,-0.0296,0.202,0.211,0.587
@CNN,Inside the psychology of sycophants https://t.co/LEKYBtUssB via @CNNhealth https://t.co/tLr3G9BOOC,Sat Dec 23 04:31:06 +0000 2017,0.0,0.0,0.0,1.0
@CNN,President Trump's decision to recognize Jerusalem as the capital of Israel was condemned by 128 countries in a Unit‚Ä¶ https://t.co/UBDn2FJG7a,Sat Dec 23 04:16:04 +0000 2017,-0.4404,0.0,0.139,0.861
@CNN,Pardon the interruption: This Virgin Australia employee surprised passengers with an amazing rendition of a Christm‚Ä¶ https://t.co/4XmSroCbAa,Sat Dec 23 04:02:25 +0000 2017,0.6705,0.356,0.111,0.533
@CNN,"Corporate America caught fire in 2017, hauling in fatter profits than ever before. https://t.co/KDDIvU12Zs https://t.co/4LZZ1tw81d",Sat Dec 23 03:51:04 +0000 2017,0.128,0.158,0.131,0.71
@CNN,Mika Brzezinski apologizes for remarks she made about some of the women who had accused Mark Halperin of sexual har‚Ä¶ https://t.co/dfvzIRqeEz,Sat Dec 23 03:44:47 +0000 2017,0.0772,0.105,0.093,0.802
@CNN,Mattel is struggling. Hasbro has fallen from its highs. Even the mighty Lego posted a recent drop in sales. Here's‚Ä¶ https://t.co/7HPGpOOkjG,Sat Dec 23 03:36:06 +0000 2017,-0.7506,0.0,0.303,0.697
@CNN,"The world will soon be watching the Winter Olympics in South Korea, and a US election in November will determine if‚Ä¶ https://t.co/IUDXzDXpAq",Sat Dec 23 03:31:07 +0000 2017,0.0,0.0,0.0,1.0
@CNN,How hackers are taking advantage of the bitcoin boom https://t.co/fjCzYALIyJ https://t.co/gFHG0VdYzd,Sat Dec 23 03:16:06 +0000 2017,0.25,0.167,0.0,0.833
@CNN,"The US is going to provide anti-tank weapons to Ukraine, a senior State Department official told CNN‚Ä¶ https://t.co/TyboFXhGRV",Sat Dec 23 03:06:06 +0000 2017,-0.4404,0.0,0.153,0.847
@CNN,Three-course meals and fine china were a daily ritual for the family of Eric Ripert. So it was hardly a shocker whe‚Ä¶ https://t.co/wfMoqeDc6N,Sat Dec 23 03:01:38 +0000 2017,0.1263,0.081,0.059,0.859
@CNN,A three-judge panel of the 9th US Circuit Court of Appeals has ruled that the latest version of President Trump's t‚Ä¶ https://t.co/4wkpsjdMka,Sat Dec 23 02:56:06 +0000 2017,0.0,0.0,0.0,1.0
@CNN,UK passports will change from burgundy to blue after Brexit https://t.co/l0AyMhkjtG https://t.co/qhNiCeXjVl,Sat Dec 23 02:51:04 +0000 2017,0.0,0.0,0.0,1.0
@CNN,A former US Marine talked with an undercover FBI employee about carrying out a terror attack over the holidays at P‚Ä¶ https://t.co/83QOHqDpsX,Sat Dec 23 02:46:02 +0000 2017,-0.5994,0.1,0.249,0.651
@CNN,Exclusive: A former aide to GOP Rep. Blake Farenthold told House Ethics Committee she was pressured to perform camp‚Ä¶ https://t.co/dCCp4iGUvw,Sat Dec 23 02:41:08 +0000 2017,-0.1027,0.074,0.093,0.833
@CNN,Fiat Chrysler Automobiles is recalling around 1.8 million heavy duty Ram pickups due to a mechanical problem that c‚Ä¶ https://t.co/mDAdD0Ra40,Sat Dec 23 02:38:07 +0000 2017,-0.4019,0.0,0.13,0.87
@CNN,"Alabama Sen.-elect Doug Jones clarifies comments on sexual harassment allegations facing President Trump: ""I think‚Ä¶ https://t.co/j8jB3AG5Uc",Sat Dec 23 02:31:04 +0000 2017,-0.3818,0.098,0.18,0.722
@CNN,"Nearly 7 in 10 Americans say sexual harassment is a very serious problem, according to a new CNN Poll, a 34-point s‚Ä¶ https://t.co/XcloLc6iZJ",Sat Dec 23 02:21:05 +0000 2017,-0.7947,0.0,0.335,0.665
@CNN,Meet the top-ranking female chess player and the only woman in the World Chess Federation's Top 100 players‚Ä¶ https://t.co/jQv3TmjY8B,Sat Dec 23 02:13:03 +0000 2017,0.2023,0.091,0.0,0.909
@CNN,President Trump bucks White House tradition by skipping an end-of-year press conference https://t.co/wApp7k3QT2 https://t.co/McqBDButuy,Sat Dec 23 02:10:23 +0000 2017,0.0,0.0,0.0,1.0
@CNN,President Trump has visited his properties more than 100 times this year https://t.co/KXWrwjDPUY https://t.co/BgB9iQkyst,Sat Dec 23 01:41:03 +0000 2017,0.0,0.0,0.0,1.0
@CNN,"They've been dubbed ""ghost ships."" This year marked a record for this mysterious phenomenon as nearly 100 North Kor‚Ä¶ https://t.co/UHdaG1B6QP",Sat Dec 23 01:31:10 +0000 2017,-0.3182,0.0,0.113,0.887
@CNN,"Steven Spielberg, director of ""The Post,"" speaks to CNN about how current attacks on the press can be traced back t‚Ä¶ https://t.co/ZFjyJw0nw9",Sat Dec 23 01:22:20 +0000 2017,-0.4404,0.0,0.121,0.879
@CNN,"RT @OutFrontCNN: President Trump will spend the holiday at his Mar-A-Lago club, home of many controversies. CNN's Tom Foreman has more. htt‚Ä¶",Sat Dec 23 01:21:29 +0000 2017,0.4019,0.114,0.0,0.886
@CNN,Swipe left if you voted for Trump: How dating in New York is changing under the new administration‚Ä¶ https://t.co/SZKc2sMdVP,Sat Dec 23 01:11:03 +0000 2017,0.0,0.0,0.0,1.0
@CNN,"With nicknames like ""Willy Wonka,"" ""Sweet Man,"" ""Mr. Chocolate,"" and ""wizard,"" Jacques Torres has rightfully earned‚Ä¶ https://t.co/5mZKjhzDxn",Sat Dec 23 01:01:06 +0000 2017,0.6705,0.268,0.0,0.732
@CNN,RT @OutFrontCNN: Rep. Sheila Jackson Lee: I believe the President and Speaker Ryan would do well to reinforce their commitment to the unfet‚Ä¶,Sat Dec 23 00:59:14 +0000 2017,0.5719,0.19,0.0,0.81
@BBC,"RT @BBCSpringwatch: A sneak peek of Winterwatch 2018.
We'll be looking at hawfinches - aren't they just beautiful birds! https://t.co/AFPYy‚Ä¶",Sat Dec 23 21:09:09 +0000 2017,-0.5327,0.0,0.168,0.832
@BBC,"RT @BBCRadio3: Where and when did Tchaikovsky's masterpiece become a seasonal favourite?
https://t.co/bTnmwEtFup",Sat Dec 23 20:58:32 +0000 2017,0.6249,0.272,0.0,0.728
@BBC,"Bamouflage üòÇüöìüö®
#ScotSquad | @BBCScotland  https://t.co/9yekjDuVrm",Sat Dec 23 20:30:02 +0000 2017,0.0,0.0,0.0,1.0
@BBC,Can't. Watch. Too. Embarrassing. üò≥ü§¶ Are these the six most cringeworthy moments in TV history?‚Ä¶ https://t.co/b27bU7nWOQ,Sat Dec 23 19:33:04 +0000 2017,0.2924,0.127,0.0,0.873
@BBC,Such sad news. Channel 4 Gogglebox star Leon Bernicoff dies aged 83: https://t.co/LsCSrLlwCy https://t.co/QATluqRVWo,Sat Dec 23 19:13:06 +0000 2017,-0.4767,0.0,0.205,0.795
@BBC,"#ManFlu vs Woman Flu üòÇ

Via @BBCTheSocial https://t.co/JHloYCd1Qr",Sat Dec 23 19:00:05 +0000 2017,-0.3818,0.0,0.302,0.698
@BBC,"Tonight, a special extended episode of #OurFriendVictoria celebrates Victoria Wood's festive comedy. 9:30pm on‚Ä¶ https://t.co/hVKMlUKyQN",Sat Dec 23 18:31:03 +0000 2017,0.8979,0.543,0.0,0.457
@BBC,5 amazing tribute acts go head to head in a Christmas special hosted by @PaddyMcGuinness. Even Better Than The Real‚Ä¶ https://t.co/279EkIcEv9,Sat Dec 23 17:34:05 +0000 2017,0.8555,0.37,0.0,0.63
@BBC,"This is just too much. üòç

@BBCNews https://t.co/DFDLzlhx9U",Sat Dec 23 17:00:01 +0000 2017,0.0,0.0,0.0,1.0
@BBC,"RT @bbc5live: Hospital surprises teenage girl patient by bringing a horse on the ward üê¥ 

Chloe delivered her sister the ultimate Christmas‚Ä¶",Sat Dec 23 16:37:26 +0000 2017,0.2263,0.091,0.0,0.909
@BBC,"Gadara is Jordan's ancient town 'without a soul'. https://t.co/JtDf7PGw0G

@BBC_Travel https://t.co/vktf9sKzZO",Sat Dec 23 16:33:04 +0000 2017,0.0,0.0,0.0,1.0
@BBC,"RT @bbcweather: #Sun starting to set on #Christmas eve, eve! Are you feeling ready for the big day yet? Some beautiful sunset shots taken b‚Ä¶",Sat Dec 23 16:02:59 +0000 2017,0.8016,0.271,0.0,0.729
@BBC,"Sephton was selling drugs and in a gang from when he was eight years old, but now has a powerful story of redemptio‚Ä¶ https://t.co/8HwkrYn86e",Sat Dec 23 16:00:06 +0000 2017,0.5719,0.15,0.0,0.85
@BBC,Official photographs to mark the engagement of Prince Harry and Meghan Markle have been released by‚Ä¶ https://t.co/f4TBWrawFo,Sat Dec 23 15:30:09 +0000 2017,0.4588,0.158,0.0,0.842
@BBC,"RT @BBCNews: Big Ben's bongs are back to make your New Year's Eve complete üéâ

https://t.co/NVtOYi3GBC https://t.co/YU0pym1QLS",Sat Dec 23 15:14:41 +0000 2017,0.0,0.0,0.0,1.0
@BBC,"RT @BBCSpringwatch: 10 stunning photos of animals in the snow 
https://t.co/Ap7kaHaozX https://t.co/4EZLG6S6qv",Sat Dec 23 15:13:16 +0000 2017,0.3818,0.191,0.0,0.809
@BBC,RT @BBCTwo: It‚Äôs been 3 days since #PeakyBlinders finished and there‚Äôs only question still on our minds... What happened to Cyril the dog?!‚Ä¶,Sat Dec 23 15:12:54 +0000 2017,0.0,0.0,0.0,1.0
@BBC,"‚úÇüçá Somebody get Jennifer Saunders a bucket. 

#AbsolutelyChampers | Now on @BBCiPlayer üëâ https://t.co/9YdoI9PSjq‚Ä¶ https://t.co/lMP9Hy5Mgt",Sat Dec 23 15:00:01 +0000 2017,0.0,0.0,0.0,1.0
@BBC,Almost 75% of people hold some sort of paranormal beliefs. So what makes the supernatural so appealing? üëªüò±‚Ä¶ https://t.co/dvRKCcMG2X,Sat Dec 23 14:30:05 +0000 2017,0.0,0.0,0.0,1.0
@BBC,"üé≠ In case Christmas doesn't bring you enough drama, @BBCiPlayer have you covered. üëâ https://t.co/RjjSf6K8En https://t.co/uwXjUvdDRC",Sat Dec 23 14:00:04 +0000 2017,0.0,0.0,0.0,1.0
@BBC,A homeless man stood guard by a car in freezing rain for hours to make sure a handbag and money was not stolen. ‚ù§Ô∏èÔ∏è‚Ä¶ https://t.co/64ScnahFCy,Sat Dec 23 13:30:05 +0000 2017,0.5466,0.195,0.055,0.75
@BBC,"Big Christmas stars, big Christmas laughs &amp; big Christmas surprises. üéÅ

Michael McIntyre's Big Christmas Show | 24‚Ä¶ https://t.co/a7eBlCnPpE",Sat Dec 23 13:00:06 +0000 2017,0.6249,0.254,0.0,0.746
@BBC,Expecting a Christmas guest that doesn't eat gluten? These tasty versions of traditional recipes are a good place t‚Ä¶ https://t.co/k42zNbBO3P,Sat Dec 23 12:31:04 +0000 2017,0.4404,0.146,0.0,0.854
@BBC,"The world's steepest railway has opened in the Swiss Alps. üöÇüèî

Via @BBCNews https://t.co/a5FKtNBur0",Sat Dec 23 12:00:02 +0000 2017,0.0,0.0,0.0,1.0
@BBC,"Feel the rhythm! Feel the rhyme! Get on up, it's bobsled time! ‚ùÑÔ∏è üáØüá≤#CoolRunnings is on @BBCOne at 1:15pm.‚Ä¶ https://t.co/i4D56lJwaz",Sat Dec 23 11:33:04 +0000 2017,0.0,0.0,0.0,1.0
@BBC,RT @bbcthree: The young woman helping those who are forgotten this time of year. https://t.co/xhkeowvwsP,Sat Dec 23 10:48:14 +0000 2017,0.0772,0.129,0.111,0.76
@BBC,RT @BBCOne: Polar bear cubs sliding around in snow are just the cutest. üíô #SnowBears. Boxing Day on @BBCOne. https://t.co/1Tt5JrAX54,Sat Dec 23 10:45:47 +0000 2017,0.5859,0.174,0.0,0.826
@BBC,"Join this solitary green turtle as it bumps into another turtle at the cleaning station. üê¢

#ASlowOdyssey | @BBCFour https://t.co/l0qTDblIYn",Sat Dec 23 10:00:05 +0000 2017,0.296,0.115,0.0,0.885
@BBC,"Rhinovirus C., which was considered a uniquely human virus, has been found in chimps. üêµüò∑
Scientists have found it c‚Ä¶ https://t.co/CEUa96btBS",Sat Dec 23 10:00:05 +0000 2017,0.0,0.0,0.0,1.0
@BBC,"From breaking records in the swimming pool to becoming Australia's 'million dollar mermaid', this is the amazing st‚Ä¶ https://t.co/UFQYjXCbrj",Sat Dec 23 09:03:03 +0000 2017,0.5859,0.174,0.0,0.826
@BBC,Presents! Chocolate for breakfast! Movie marathons! How much of a Christmas kidult are you? üéÖ‚Ä¶ https://t.co/AlYfskm5D6,Sat Dec 23 08:04:04 +0000 2017,0.0,0.0,0.0,1.0
@BBC,"ü§∞Expectant mothers are told to change many aspects of their lives, from eating more to being careful about flying.‚Ä¶ https://t.co/EBDw4a4jC6",Fri Dec 22 19:59:04 +0000 2017,0.2177,0.089,0.0,0.911
@BBC,"üòãü•ó Being vegan doesn‚Äôt mean missing out at Christmas. From mince pies to main courses, we‚Äôve got plenty of festive‚Ä¶ https://t.co/GKpfjOEZTG",Fri Dec 22 19:30:09 +0000 2017,-0.296,0.0,0.099,0.901
@BBC,Lenny is a dementia-friendly barber who travels around hospitals and nursing homes with his pop-up barbershop. ‚úÇÔ∏èüíà‚Ä¶ https://t.co/ZVEVn0x1zt,Fri Dec 22 19:00:02 +0000 2017,0.0,0.0,0.0,1.0
@BBC,"British passports will change from burgundy to blue after Britain leaves the EU, the Home Office has said.‚Ä¶ https://t.co/jigptHLLgp",Fri Dec 22 18:33:04 +0000 2017,0.0,0.0,0.0,1.0
@BBC,"Will you be naughty or nice this year? 

11 tips for how to avoid an argument this Christmas.
üëâ‚Ä¶ https://t.co/KpN3KV3EHr",Fri Dec 22 18:00:06 +0000 2017,-0.2263,0.114,0.192,0.694
@BBC,"'Across the houses we've studied, we've found almost 200,000 species of bacteria, fungi, plants and arthropods in d‚Ä¶ https://t.co/Fu6ncjGiyd",Fri Dec 22 17:30:04 +0000 2017,0.0,0.0,0.0,1.0
@BBC,"Too good to be true? 

üç∏ A scientist has developed a new type of alcohol which he says won't damage the liver or le‚Ä¶ https://t.co/AI7n6UKoeo",Fri Dec 22 17:00:11 +0000 2017,0.8089,0.305,0.0,0.695
@BBC,Sliding home for Christmas... #FridayFeeling https://t.co/Kbj18HwPs2,Fri Dec 22 16:33:06 +0000 2017,0.0,0.0,0.0,1.0
@BBC,"Three twists on cheese straws. ü§§üßÄ

Full recipe here. üëâ https://t.co/6QChgz1tMP

@BBCFood https://t.co/tha0fUc3H6",Fri Dec 22 15:30:01 +0000 2017,0.0,0.0,0.0,1.0
@BBC,üêò‚ù§Ô∏èÔ∏è Baby elephants bundle up in woolly jumpers. https://t.co/koyh0ufD79 https://t.co/1O9N59Ytil,Fri Dec 22 15:00:10 +0000 2017,0.0,0.0,0.0,1.0
@BBC,RT @BBC_Teach: A very Merry Christmas and Happy New Year from everyone @BBC_Teach üéÑüéÅüéÖ Enjoy the holidays and we'll see you on the other sid‚Ä¶,Fri Dec 22 14:46:43 +0000 2017,0.923,0.399,0.0,0.601
@BBC,Some festive traditions aren't great for our planet. Here are five ways to have an eco-friendly Christmas. üéÑ üåé ‚ù§Ô∏èÔ∏è‚Ä¶ https://t.co/8qvo2xYg6p,Fri Dec 22 14:30:04 +0000 2017,-0.0757,0.129,0.141,0.73
@BBC,Finishing work for Christmas like... ü§∏üéÑ https://t.co/KyNWQ3uUSs,Fri Dec 22 13:58:01 +0000 2017,0.0,0.0,0.0,1.0
@BBC,"Merry Pugsmas! üòçüéÑ

Via @BBCSouthNews https://t.co/DjPVAFLrJY",Fri Dec 22 13:30:01 +0000 2017,0.5848,0.431,0.0,0.569
@BBC,"Charles &amp; Ray Eames are known for their iconic chairs, but this was merely one facet of their work.‚Ä¶ https://t.co/7Dw5bP33sl",Fri Dec 22 13:00:11 +0000 2017,0.0,0.0,0.0,1.0
@BBC,"Could West African cuisine be the next big food trend in the UK?

Via BBC Minute https://t.co/zAEhbCJX7H",Fri Dec 22 12:30:02 +0000 2017,0.0,0.0,0.0,1.0
@BBC,üéÖüé∏ Escape festive kitsch with this outsider Christmas playlist. üëâ https://t.co/YBRBBePrnY https://t.co/iwO9OGHnfQ,Fri Dec 22 12:00:08 +0000 2017,0.5719,0.343,0.0,0.657
@BBC,"From Peaky Blinders to Stranger Things, these 7 boxset soundtracks are spot on. üé∂üëå https://t.co/q11iwEBxDt https://t.co/Qc8GC0VAcM",Fri Dec 22 11:33:03 +0000 2017,0.0,0.0,0.0,1.0
@BBC,"pink and white or blue and grey? https://t.co/piCgGnat5E

Let the battle begin... https://t.co/8MG3m34nyn",Fri Dec 22 11:00:09 +0000 2017,-0.34,0.081,0.176,0.743
@BBC,Meet the little donkey who thinks he is the family dog. ‚ù§Ô∏èÔ∏è üê∂ https://t.co/kygPwSTcYb https://t.co/ciGFQCwmCG,Fri Dec 22 10:35:03 +0000 2017,0.0,0.0,0.0,1.0
@BBC,"A white-tailed sea eagle waterproofs its feathers from persistent Scottish coastal rain. üí¶ü¶Ö

#ASlowOdyssey |‚Ä¶ https://t.co/y5eeiAfbFA",Fri Dec 22 09:00:05 +0000 2017,0.0,0.0,0.0,1.0
@BBC,"'As soon as I came out I felt so free.' ‚ù§Ô∏èÔ∏è

#EverydayHeroes | @BBCStories https://t.co/TjBkfBWJYn",Fri Dec 22 08:40:04 +0000 2017,0.0,0.0,0.0,1.0
@BBC,"RT @bbcmusic: Christmas Top Of The Pops is coming on December 25th, and this guy will DEFINITELY be there üí•
Watch: 25/12 12.20pm @BBCOne ‚ú®‚Ä¶",Fri Dec 22 08:37:35 +0000 2017,0.6408,0.192,0.0,0.808
@BBC,"RT @bbcgetinspired: Meet 82-year-old Tony, who is simply amazing. üôå 

Could you run the 100m when you are 100 years old? #GetInspired https‚Ä¶",Fri Dec 22 08:37:06 +0000 2017,0.5859,0.153,0.0,0.847
@BBC,"RT @BBCBreakfast: Prepare to fall in love! üòçüíï 
@BBCOne https://t.co/a3829Crxry",Fri Dec 22 08:36:36 +0000 2017,0.6696,0.333,0.0,0.667
@BBC,"RT @bbcthree: We didn't know doing impressions of tape was a thing, but it's amazing. https://t.co/T2cvsnkzkI",Fri Dec 22 08:36:25 +0000 2017,0.7066,0.266,0.068,0.666
@BBC,RT @BBCFood: Christmas movies call for festive sofa snacks. Here are our favourite treats other than the usual suspects. https://t.co/Nye6w‚Ä¶,Fri Dec 22 08:36:07 +0000 2017,0.1531,0.128,0.103,0.769
@BBC,A new type of paper created from animal organ tissue could be used in fertility treatments and wound healing.‚Ä¶ https://t.co/Seeunho4P3,Fri Dec 22 08:20:03 +0000 2017,0.25,0.1,0.0,0.9
@BBC,'Maybe you could deliver one of my presents to a child who needs it more?' ‚ù§Ô∏èÔ∏èüéÅ A 10-year-old's letter to Santa has‚Ä¶ https://t.co/n5nVKrZJLM,Fri Dec 22 08:01:04 +0000 2017,0.0,0.0,0.0,1.0
@BBC,"üá∑üá∫ Across Russia, hundreds of small towns have been abandoned in the past 20 years after their main industry collap‚Ä¶ https://t.co/fy2MoB0dgv",Fri Dec 22 07:38:04 +0000 2017,-0.4588,0.0,0.13,0.87
@BBC,"30 years since his death, @DarceyOfficial profiles the man she wishes she had danced with. Darcey Bussell: Looking‚Ä¶ https://t.co/SBaFNoZjk4",Thu Dec 21 20:33:03 +0000 2017,-0.5106,0.071,0.173,0.756
@BBC,Ouch. üò¨ ‚úÇÔ∏è Introducing the man who castrated himself with scissors. #QI Via @BBCTwo https://t.co/G4rwAww4vU,Thu Dec 21 19:02:04 +0000 2017,0.0,0.0,0.0,1.0
@BBC,"Celebrate the British contribution to the original #StarWars. The Galaxy Britain Built: Droids, Darth Vader and Lig‚Ä¶ https://t.co/jsro0hkOpK",Thu Dec 21 19:00:05 +0000 2017,0.7184,0.273,0.0,0.727
@BBC,"RT @BBCSpringwatch: Another sneak peek of Winterwatch 2018! üéÖüèæ
We'll be getting to know sanderlings - have you ever seen one? https://t.co/‚Ä¶",Thu Dec 21 18:52:52 +0000 2017,0.0,0.0,0.0,1.0
@BBC,RT @BBCiPlayer: Did you know you can binge on our box sets without lifting a paw? https://t.co/S1ebNMJzgb,Thu Dec 21 18:52:42 +0000 2017,0.0,0.0,0.0,1.0
@BBC,RT @BBCNewsbeat: This is what happened to the teddy bears left in tribute after the Manchester attack in May https://t.co/yIcGuPCZMz,Thu Dec 21 18:52:30 +0000 2017,-0.4767,0.0,0.14,0.86
@BBC,Wallace and Gromit are called into action when a giant rabbit starts terrorising the town's veg patches. Wallace an‚Ä¶ https://t.co/WM8rSevZZ6,Thu Dec 21 18:33:04 +0000 2017,-0.6124,0.0,0.182,0.818
@BBC,"'Thhparkling wine. I drink it all the time.' üòÇü•Ç

#AbsolutelyChampers | 9pm | @BBCTwo | https://t.co/LNJNWjO97N https://t.co/csnAyuRMqG",Thu Dec 21 18:00:02 +0000 2017,0.0,0.0,0.0,1.0
@BBC,üòãüéÑ These easy Christmas recipes are the perfect place to start for a stress-free festive season. üëâ‚Ä¶ https://t.co/9hj4iGSDYv,Thu Dec 21 17:31:04 +0000 2017,0.8625,0.407,0.0,0.593
@BBC,"Gwendoline Christie was horrified when a fan asked for a toilet selfie. üöΩü§≥

The Graham Norton Show | @BBCOne https://t.co/FBH7SSCnOD",Thu Dec 21 17:00:05 +0000 2017,-0.296,0.111,0.168,0.721
@BBC,RT @BBCFood: Cheese straws 3 ways. Which one will you choose for your party? ü§î Full recipe here: https://t.co/TeImDPKYev #merrytwistmas htt‚Ä¶,Thu Dec 21 16:13:36 +0000 2017,0.4019,0.13,0.0,0.87
@BBC,From a lack of tourism to rising sea levels: here's how people in the Soloman Islands are tackling the nation's big‚Ä¶ https://t.co/j3v1PpfFtc,Thu Dec 21 16:03:03 +0000 2017,-0.3182,0.0,0.103,0.897
@BBC,"RT @BBCOne: üÜï @DavidWalliams is about to bring his best-selling children‚Äôs book, #GrandpasGreatEscape, to life‚Ä¶ 

üåü Also starring @ferrifru‚Ä¶",Thu Dec 21 15:58:15 +0000 2017,0.0,0.0,0.0,1.0
@BBC,RT @bbcthree: Michelle is the one in 5 million 20-year-old looking for love. #LivingDifferently https://t.co/r3tluju0o1,Thu Dec 21 15:49:29 +0000 2017,0.6369,0.244,0.0,0.756
@BBC,RT @AboutTheBBC: Ever wondered how they made the lightsabers in #StarWars? @david_insideout found the answer to this and much more whilst m‚Ä¶,Thu Dec 21 15:41:45 +0000 2017,0.0,0.0,0.0,1.0
@BBC,"'Harry tore his eyes from his head and threw them into the forest.'
üëÄ‚ö°üå≥
A computer's predictive text has given‚Ä¶ https://t.co/dqgTAwyBfT",Thu Dec 21 15:02:04 +0000 2017,0.0,0.0,0.0,1.0
@BBC,Apple has confirmed suspicions that it does deliberately slow down some models of the iPhone as they age. üì±‚Ä¶ https://t.co/UelsCRfuvB,Thu Dec 21 14:33:17 +0000 2017,-0.3612,0.0,0.116,0.884
@BBC,"RT @bbcpointswest: A Roman grave containing a lead coffin and more than 250 Roman coins is discovered in a field near Ilminster, Somerset.‚Ä¶",Thu Dec 21 14:10:36 +0000 2017,-0.3818,0.0,0.12,0.88
@BBC,"Overcome with dread each year when it comes to wrapping gifts? 
Fear not! Science holds the answer to successfully‚Ä¶ https://t.co/tWqG4fez9f",Thu Dec 21 14:03:04 +0000 2017,-0.7574,0.0,0.265,0.735
@BBC,"Want to annoy the hell out of your family &amp; friends this Christmas? 

üé∂ This is how to play 'Merry Christmas Everyb‚Ä¶ https://t.co/ue4vzjbJGO",Thu Dec 21 13:34:03 +0000 2017,0.2023,0.305,0.222,0.473
@BBC,Official photographs to mark the engagement of Prince Harry and Meghan Markle have been released by‚Ä¶ https://t.co/PVIyJhpnlt,Thu Dec 21 13:04:04 +0000 2017,0.4588,0.158,0.0,0.842
@BBC,"üá∞üá∑ Why South Koreans rarely use the word 'me'. üëâ https://t.co/x6wvB88ikg

@BBC_Travel https://t.co/TZULRjlt1V",Thu Dec 21 12:30:05 +0000 2017,0.0,0.0,0.0,1.0
@BBC,üé¨  @KermodeMovie reviews Star Wars: The Last Jedi. üëâ https://t.co/wDBdtl4zPl https://t.co/GfNeFtFixo,Thu Dec 21 12:00:09 +0000 2017,-0.5574,0.0,0.31,0.69
@BBC,"üé∂ @clarkepeters explores a collection of archive recordings to discover a forgotten musical history. 
Black Music i‚Ä¶ https://t.co/c57D0B2xvH",Thu Dec 21 11:02:05 +0000 2017,-0.2263,0.0,0.119,0.881
@BBC,"RT @BBCTwo: Alan has autism and struggles with social interactions. 

He's applied for over 100 jobs... but nobody will give him a chance.‚Ä¶",Thu Dec 21 10:49:38 +0000 2017,-0.1901,0.0,0.077,0.923
@BBC,RT @bbcworldservice: Meet Tanzania's wheelchair tennis ace. üéæ https://t.co/8no0KzbwZi,Thu Dec 21 10:39:07 +0000 2017,0.0,0.0,0.0,1.0
@BBC,"RT @BBCTwo: 9Ô∏è‚É£9Ô∏è‚É£9Ô∏è‚É£9Ô∏è‚É£9Ô∏è‚É£9Ô∏è‚É£9Ô∏è‚É£9Ô∏è‚É£9Ô∏è‚É£9Ô∏è‚É£

0Ô∏è‚É£2Ô∏è‚É£0Ô∏è‚É£1Ô∏è‚É£1Ô∏è‚É£8Ô∏è‚É£

#InsideNo9 @ReeceShearsmith https://t.co/UJmwZ7fW3v",Thu Dec 21 10:20:03 +0000 2017,0.0,0.0,0.0,1.0
@BBC,"RT @bbcweather: Just under 8 hours of daylight in #London today, but how does that compare to some others in northern Europe? #WinterSolsti‚Ä¶",Thu Dec 21 10:04:38 +0000 2017,0.0,0.0,0.0,1.0
@BBC,"They make lethal machines in sci-fi movies, but in reality, there are many challenges involved in making huge robot‚Ä¶ https://t.co/sHdI5SeZK0",Thu Dec 21 10:02:03 +0000 2017,0.5267,0.196,0.0,0.804
@BBC,"Happy #WinterSolstice! ‚ùÑ
Today has an average of 7h 49m of daylight (that's 8h 49m less than during the summer sols‚Ä¶ https://t.co/Yz46N46UaN",Thu Dec 21 09:00:10 +0000 2017,0.6114,0.166,0.0,0.834
@BBC,"This group of people have a genetic condition which means they can't meet, so they've formed a virtual choir to rec‚Ä¶ https://t.co/jsLnQPfjIG",Thu Dec 21 08:40:01 +0000 2017,0.0,0.0,0.0,1.0
@BBC,"'I kept my head down to survive the day at work.' üò¢
Opening up about depression to your colleagues can be tough.‚Ä¶ https://t.co/rMkuvxvwBd",Thu Dec 21 08:20:03 +0000 2017,-0.5719,0.0,0.15,0.85
@BBC,What a guy! Santa took some time out of his busy schedule to go on a special festive flight with these poorly child‚Ä¶ https://t.co/xb1zoe7eFp,Thu Dec 21 08:03:05 +0000 2017,0.7177,0.231,0.0,0.769
@BBC,"‚ùÑÔ∏èüåá Frozen landscapes &amp; sunset palettes, these are your pictures of winter in Wales. üëâ https://t.co/seH9A84gFp https://t.co/1UM7UKBQxg",Thu Dec 21 07:38:10 +0000 2017,0.0,0.0,0.0,1.0
@BBC,RT @BBCTwo: CONFIRMED: #PeakyBlinders will return to @BBCTwo in 2019. üòé https://t.co/YskoNrhezc,Wed Dec 20 22:24:51 +0000 2017,0.0,0.0,0.0,1.0
@BBC,"Tonight's #MockTheWeek Christmas special is filled with quizzes, challenges, outtakes and unseen material. Watch at‚Ä¶ https://t.co/3uujbda1Bg",Wed Dec 20 20:17:04 +0000 2017,0.4588,0.222,0.0,0.778
@BBC,"RT @BBCRadio3: We‚Äôre currently *19* followers short of the 100,000 mark. Come on now, you‚Äôd like to give your favourite radio station the p‚Ä¶",Wed Dec 20 19:30:45 +0000 2017,0.3612,0.098,0.0,0.902
@BBC,RT @BBCArchive: #OTD 1982: John Cleese reluctantly agreed to an interview alongside Michael Palin. It was worth it - he got a Film 82 sweat‚Ä¶,Wed Dec 20 19:30:18 +0000 2017,0.3818,0.157,0.055,0.787
@BBC,"RT @bbcmusic: PURE GOOSEBUMPS ‚ù§Ô∏è
How stunning is this performance of 'Grace' by @RagNBoneManUK?
Watch in full üëâ https://t.co/KNWHYXPK4U htt‚Ä¶",Wed Dec 20 19:30:02 +0000 2017,0.3818,0.126,0.0,0.874
@FoxNews,"When asked asked how his relationship has changed - if at all - with @POTUS, @SenateMajLdr reflected on the Preside‚Ä¶ https://t.co/sX2mQ7EpOi",Sun Dec 24 04:27:01 +0000 2017,0.0,0.0,0.0,1.0
@FoxNews,Iraqi Christians have raised a 30-ft. tall Christmas tree in Baghdad to celebrate both the holiday and the expulsio‚Ä¶ https://t.co/gAYG5fwA8k,Sun Dec 24 04:25:03 +0000 2017,0.7506,0.274,0.0,0.726
@FoxNews,"On @foxandfriends ,"" Rev. @Franklin_Graham reacted to @POTUS's emphasis on the importance of mentioning #Christmas‚Ä¶ https://t.co/532vOHPrvH",Sun Dec 24 04:19:03 +0000 2017,0.3612,0.143,0.0,0.857
@FoxNews,".@JCLayfield: ""The only thing that is bipartisan in D.C. is incompetence."" https://t.co/AqnSlgXPoK",Sun Dec 24 04:14:03 +0000 2017,0.0,0.0,0.0,1.0
@FoxNews,Iraq Christians celebrate #Christmas. https://t.co/IUhdSM3Zq6,Sun Dec 24 04:07:01 +0000 2017,0.5719,0.481,0.0,0.519
@FoxNews,Ben Stein slammed @TheDemocrats' opposition to @POTUS and the @GOP Congress's tax reform bill.‚Ä¶ https://t.co/0HsCrcc4AN,Sun Dec 24 04:02:06 +0000 2017,0.0,0.0,0.0,1.0
@FoxNews,".@MikeOzanian: ""Where was the Republican Party when Obama was keeping other secrets of this deal? When he was wiret‚Ä¶ https://t.co/cZtpp29cW9",Sun Dec 24 04:00:03 +0000 2017,0.4019,0.124,0.0,0.876
@FoxNews,OPINION: Trump's national security strategy shows he is willing to champion American values around the world https://t.co/lI4w3nnPZo,Sun Dec 24 03:55:56 +0000 2017,0.8402,0.391,0.0,0.609
@FoxNews,"Cabot Phillips on James Baker reassignment: ""This doesn't have as much to do with James Baker in some ways as it do‚Ä¶ https://t.co/Qhyp3heL5V",Sun Dec 24 03:44:50 +0000 2017,0.0,0.0,0.0,1.0
@FoxNews,"On #StreetJustice, @JudgeJeanine asks people what they'd get President @realDonaldTrump for Christmas. https://t.co/Lzwgbxewxq",Sun Dec 24 03:28:53 +0000 2017,0.0,0.0,0.0,1.0
@FoxNews,"The Bethlehem Police Department took to @facebook to wish a ""happy and joyous holiday season."" https://t.co/F93cF48PuK",Sun Dec 24 03:20:12 +0000 2017,0.9217,0.545,0.0,0.455
@FoxNews,"Daniel Crenshaw on morale in the military: ""Morale is picking up under [@POTUS] and that's because he's unleashing‚Ä¶ https://t.co/MZI9r2imSY",Sun Dec 24 03:12:02 +0000 2017,0.0,0.0,0.0,1.0
@FoxNews,"Daniel Crenshaw on @POTUS' pillars of security: ""Making America competitive all around the world, that's part of na‚Ä¶ https://t.co/t86ykD67Wo",Sun Dec 24 03:09:49 +0000 2017,0.4767,0.194,0.0,0.806
@FoxNews,".@LisaDaftari on national security: ""It's very tough to turn back eight years of this apologist foreign policy that‚Ä¶ https://t.co/5LhfXvhRFl",Sun Dec 24 03:05:58 +0000 2017,0.1548,0.113,0.085,0.802
@FoxNews,"With immigrant pardons, Gov. Brown butts heads again with White House https://t.co/ZGY1G2hMRQ",Sun Dec 24 02:59:04 +0000 2017,0.296,0.167,0.0,0.833
@FoxNews,"J. Christian Adams on anti-Trump texts from FBI agents: ""That's not a gang of neutral people. That's a gang of peop‚Ä¶ https://t.co/u8P9q2WAe5",Sun Dec 24 02:55:30 +0000 2017,0.0,0.0,0.0,1.0
@FoxNews,"Capri Cafaro on Democrats heading into 2018 midterms: ""Democrats really need to show what they are going to offer f‚Ä¶ https://t.co/C0n2LQFXfx",Sun Dec 24 02:39:09 +0000 2017,0.0,0.0,0.0,1.0
@FoxNews,".@LawrenceBJones3 on judge partially lifting @realDonaldTrump's travel ban: ""This is why we need good conservative‚Ä¶ https://t.co/2V9yKOI471",Sun Dec 24 02:34:43 +0000 2017,-0.1779,0.141,0.176,0.683
@FoxNews,".@RonDeSantisFL on FBI investigation: ""If the FBI isn't gonna give us the information that we're asking for in term‚Ä¶ https://t.co/dcFLvyoAXR",Sun Dec 24 02:30:58 +0000 2017,0.0,0.0,0.0,1.0
@FoxNews,"Clifford May on @POTUS' national security strategy: ""President @realDonaldTrump believes that we should be leading‚Ä¶ https://t.co/RFyzZ9nfYB",Sun Dec 24 02:20:17 +0000 2017,0.34,0.138,0.0,0.862
@FoxNews,North Korea says it will ‚Äòmake the US bitterly regret its strategy' https://t.co/HXKQVAnhDh,Sun Dec 24 02:16:39 +0000 2017,-0.7003,0.0,0.345,0.655
@FoxNews,".@kayleighmcenany on Tim Scott being called ""prop"" at @POTUS' tax remarks: ""[Democrats] didn't see his achievement.‚Ä¶ https://t.co/xJuJtJT2D4",Sun Dec 24 02:06:31 +0000 2017,0.0,0.0,0.0,1.0
@FoxNews,Homeland Security says chain migration let terrorism-related suspects into U.S. https://t.co/Rc6Cc0sjoq,Sun Dec 24 01:59:51 +0000 2017,0.0,0.174,0.174,0.652
@FoxNews,"Lt. Col. Allen West on Susan Rice blasting @POTUS' ""America First"" strategy: ""I think that we are seeing... is a co‚Ä¶ https://t.co/fMWqAZhwBa",Sun Dec 24 01:56:38 +0000 2017,0.0,0.0,0.0,1.0
@FoxNews,"Lt. Col. Allen West on Susan Rice blasting @POTUS' 'America First' policy: ""You think about what President‚Ä¶ https://t.co/SVgvooAGav",Sun Dec 24 01:53:44 +0000 2017,0.0,0.0,0.0,1.0
@FoxNews,Judge partially lifts Trump administration refugee ban https://t.co/z4BTNC1T36,Sun Dec 24 01:45:59 +0000 2017,-0.5574,0.0,0.34,0.66
@FoxNews,"On @WattersWorld, Anthony @Scaramucci discussed what President @realDonaldTrump's legacy will be following his vict‚Ä¶ https://t.co/PoZSV77yS0",Sun Dec 24 01:42:27 +0000 2017,0.0,0.0,0.0,1.0
@FoxNews,".@Scaramucci on the media targeting @realDonaldTrump: ""They're gonna continue to hit him cause he represents change‚Ä¶ https://t.co/qSk5Ylh5PO",Sun Dec 24 01:29:57 +0000 2017,0.0,0.0,0.0,1.0
@FoxNews,".@Scaramucci on @PressSec: ""There's a sense of kindness about Sarah and I think the American people see that and ap‚Ä¶ https://t.co/BSSiQFWxbc",Sun Dec 24 01:21:33 +0000 2017,0.4588,0.143,0.0,0.857
@FoxNews,".@Scaramucci on 2018 midterms: ""I think if [@POTUS] just stays on course, he gets out there and he does the beautif‚Ä¶ https://t.co/yRhg52JgXk",Sun Dec 24 01:14:35 +0000 2017,0.0,0.0,0.0,1.0
@FoxNews,".@Scaramucci on @POTUS heading into 2018 midterms: ""People are waking up that he has the right policies.""‚Ä¶ https://t.co/aD7swSX6zP",Sun Dec 24 01:12:05 +0000 2017,0.0,0.0,0.0,1.0
@FoxNews,".@Scaramucci on @POTUS: ""What the Trump legacy is going to be about is empowering working class families and middle‚Ä¶ https://t.co/bTUcTi7NI6",Sun Dec 24 01:07:30 +0000 2017,0.0,0.0,0.0,1.0
@FoxNews,Twitter rules Rosie O‚ÄôDonnell‚Äôs Ben Shapiro tweets were not abusive https://t.co/Ux9WjmMro2,Sun Dec 24 01:03:47 +0000 2017,0.5216,0.252,0.0,0.748
@FoxNews,Fire at famed London Zoo is believed to have killed 5 animals https://t.co/ZeZ9774quU,Sun Dec 24 00:54:08 +0000 2017,-0.7845,0.0,0.408,0.592
@FoxNews,"Jamie Weinstein on @POTUS working with Democrats in 2018: ""He has to be able to work with Democrats if he wants to‚Ä¶ https://t.co/VwdSK1IpJe",Sun Dec 24 00:51:19 +0000 2017,0.0,0.0,0.0,1.0
@FoxNews,"Jamie Weinstein on @POTUS passing tax reform: ""His critics didn't think that he could even get it done, much less t‚Ä¶ https://t.co/oMZPatt1eY",Sun Dec 24 00:46:33 +0000 2017,-0.296,0.0,0.095,0.905
@FoxNews,"AG Jeff Sessions orders @TheJusticeDept review after report @BarackObama administration gave Hezbollah a pass, via‚Ä¶ https://t.co/kNyswlXSX8",Sun Dec 24 00:45:00 +0000 2017,0.0,0.0,0.0,1.0
@FoxNews,"Marijuana for Christmas, and lots of it, reportedly found in elderly couple's truck https://t.co/Y81oWwGmnW",Sun Dec 24 00:41:11 +0000 2017,0.0,0.0,0.0,1.0
@FoxNews,".@KarlRove: ""[@POTUS] should downplay politics. He's not very popular and the way to become more popular is to beco‚Ä¶ https://t.co/DbQ1drrkdy",Sun Dec 24 00:29:44 +0000 2017,-0.6246,0.0,0.221,0.779
@FoxNews,"Chicago woman paid $4,000 to have man killed, prosecutors say https://t.co/Yf3bkCcwD2",Sun Dec 24 00:24:37 +0000 2017,-0.6705,0.0,0.31,0.69
@FoxNews,Pennsylvania family ordered to take down Jesus Christmas display after neighbor said it was ‚Äòoffensive‚Äô https://t.co/atKA0AbhAI,Sun Dec 24 00:17:15 +0000 2017,0.0,0.0,0.0,1.0
@FoxNews,Christmas present for Navy trainee's mom beats anything bought at a store https://t.co/lVWUizVhRE,Sun Dec 24 00:11:51 +0000 2017,0.0,0.0,0.0,1.0
@FoxNews,"The Bethlehem Police Department took to @facebook to wish a ""happy and joyous holiday season."" https://t.co/U3iRIfKbtV",Sat Dec 23 23:47:18 +0000 2017,0.9217,0.545,0.0,0.455
@FoxNews,"Harry Kazianis on North Korea: ""The Chinese are actually probably more scared of the North Koreans than we are."" https://t.co/A7s8JHD3DS",Sat Dec 23 23:44:33 +0000 2017,-0.4927,0.0,0.144,0.856
@FoxNews,"Harry Kazianis on North Korea: ""The Achilles' heel of North Korea is their broken economy. Their economy is only wo‚Ä¶ https://t.co/8jAK2kqHNE",Sat Dec 23 23:39:52 +0000 2017,-0.4767,0.0,0.134,0.866
@FoxNews,"Harry Kazianis on North Korea attacking the Olympics: ""It would unite the whole international community against Kim‚Ä¶ https://t.co/PBNJG7JsTF",Sat Dec 23 23:36:51 +0000 2017,-0.4588,0.0,0.15,0.85
@FoxNews,".@JohnFund on government shutdown: ""The only thing that makes Congress work is a deadline and even then that doesn'‚Ä¶ https://t.co/rKfZ0aCczL",Sat Dec 23 23:26:14 +0000 2017,0.0,0.0,0.0,1.0
@FoxNews,A look at the GOP's agenda for 2018. https://t.co/qupuBFmfLR https://t.co/RflVv4CwHJ,Sat Dec 23 23:17:00 +0000 2017,0.0,0.0,0.0,1.0
@FoxNews,Queen Elizabeth is hiring a new chef https://t.co/EyBqMy21uz,Sat Dec 23 23:15:52 +0000 2017,0.0,0.0,0.0,1.0
@FoxNews,"Christian volunteer charged with killing wife and daughters, 7 and 8 https://t.co/F774o3EPFf",Sat Dec 23 23:07:42 +0000 2017,-0.7351,0.0,0.437,0.563
@FoxNews,"Some parts of the country could have a White Christmas, @AdamKlotzFNC reports. https://t.co/kAvGskLTLX https://t.co/cKrJPMAjGp",Sat Dec 23 22:58:59 +0000 2017,0.0,0.0,0.0,1.0
@FoxNews,'Democrats For Trump' President: My Party Is Suffering from 'Trump Derangement' https://t.co/SwYPGCccq8,Sat Dec 23 22:52:39 +0000 2017,-0.1027,0.171,0.196,0.633
@FoxNews,"Kiron Skinner on @POTUS' new Middle East strategy: ""But the fact that the rules of engagement have been made more r‚Ä¶ https://t.co/q4BtKVys2Z",Sat Dec 23 22:42:02 +0000 2017,0.4588,0.125,0.0,0.875
@FoxNews,Iraqi Christians have raised a 30-ft. tall Christmas tree in Baghdad to celebrate both the holiday and the expulsio‚Ä¶ https://t.co/RsVBqdM9OM,Sat Dec 23 22:41:46 +0000 2017,0.7506,0.274,0.0,0.726
@FoxNews,Out of the woods: Connecticut police dog found safe after 36 hours in wilderness https://t.co/LnuKEkPwiO,Sat Dec 23 22:34:43 +0000 2017,0.4404,0.172,0.0,0.828
@FoxNews,".@JMfreespeech on GOP challenges in 2018: ""If @POTUS can't do something about his personal popularity, that could r‚Ä¶ https://t.co/EkWVIOBnJV",Sat Dec 23 22:24:46 +0000 2017,0.5267,0.206,0.0,0.794
@FoxNews,"Ben Stein: ""It is a shame and it a disgrace that the overwhelming majority of negative votes in the UN - the overwh‚Ä¶ https://t.co/9DXRN1wqkt",Sat Dec 23 22:21:38 +0000 2017,-0.875,0.0,0.357,0.643
@FoxNews,"When asked asked how his relationship has changed - if at all - with @POTUS, @SenateMajLdr reflected on the Preside‚Ä¶ https://t.co/mvMoWLpOt3",Sat Dec 23 22:19:58 +0000 2017,0.0,0.0,0.0,1.0
@FoxNews,Trump's tweets take aim at top FBI officials https://t.co/zZOpAEwkE8,Sat Dec 23 22:19:48 +0000 2017,0.2023,0.184,0.0,0.816
@FoxNews,"Congress averts shutdown with short-term spending bill, @ellisonbarber reports. https://t.co/EeSeM6MNZS https://t.co/3va6EnwIAT",Sat Dec 23 22:10:32 +0000 2017,-0.1027,0.0,0.123,0.877
@FoxNews,Do you agree with @JesseBWatters? https://t.co/jjRl3mhqG7 https://t.co/sRJoiWBDD4,Sat Dec 23 22:06:34 +0000 2017,0.3612,0.294,0.0,0.706
@FoxNews,"On ""Fox &amp; Friends,"" Rev. Franklin Graham reacted to President Donald J. Trump's emphasis on the importance of menti‚Ä¶ https://t.co/gD6fpIu3fp",Sat Dec 23 22:04:17 +0000 2017,0.3612,0.116,0.0,0.884
@FoxNews,Miss America's top tier resigns amid dust-up over crude emails https://t.co/cLgzVK3gV1,Sat Dec 23 22:01:20 +0000 2017,-0.7003,0.11,0.463,0.427
@FoxNews,"Earlier today, @VP Mike Pence wished everyone a #MerryChristmas on Twitter. https://t.co/Pc6nb926aZ",Sat Dec 23 21:59:50 +0000 2017,0.0,0.0,0.0,1.0
@FoxNews,President @realDonaldTrump's tweets take aim at top @FBI officials https://t.co/VCorAGhue6 https://t.co/YCXqygRAuV,Sat Dec 23 21:51:42 +0000 2017,0.2023,0.153,0.0,0.847
@FoxNews,"TOMORROW on ""Fox News Reporting,"" @BretBaier anchors ""Charles @Krauthammer: A Life That Matters"" - Tune in at 8p ET‚Ä¶ https://t.co/ElNPUoLJIQ",Sat Dec 23 21:50:19 +0000 2017,0.0258,0.061,0.0,0.939
@FoxNews,"It's #Festivus, which means @RandPaul is celebrating with the Airing of Grievances. https://t.co/bWFgX7w9o1 https://t.co/mrpYiR8Bs1",Sat Dec 23 21:49:11 +0000 2017,0.296,0.203,0.137,0.659
@FoxNews,Out of the woods: Connecticut police dog found safe after 36 hours in wilderness https://t.co/edpdNaUWhl,Sat Dec 23 21:47:23 +0000 2017,0.4404,0.172,0.0,0.828
@FoxNews,"Alex Conant on GOP challenges in 2018: ""If the president continues to be in the mid-thirties in his poll numbers, t‚Ä¶ https://t.co/i4qk22ri2Y",Sat Dec 23 21:37:56 +0000 2017,0.0772,0.058,0.0,0.942
@FoxNews,"Alex Conant on GOP challenges for 2018: ""We need to do better next year and we need to do that by basically improvi‚Ä¶ https://t.co/t5pk8yEPU4",Sat Dec 23 21:36:29 +0000 2017,0.4939,0.16,0.0,0.84
@FoxNews,"Ellen Ratner on Democrat victories in Alabama, Virginia: ""Even though they're touting these great things they've do‚Ä¶ https://t.co/xcwQGetLkr",Sat Dec 23 21:33:11 +0000 2017,0.5267,0.188,0.078,0.734
@FoxNews,.@Ravens President Tells Fans Anthem Protests Hurt Attendance    https://t.co/I51rdwlg45,Sat Dec 23 21:30:43 +0000 2017,-0.6486,0.0,0.431,0.569
@FoxNews,"High school janitor's reaction to surprise Christmas gift goes viral
https://t.co/ejdTV3eJY5",Sat Dec 23 21:29:30 +0000 2017,0.6124,0.357,0.0,0.643
@FoxNews,".@AmbDennisRoss on DOJ review of Hezbollah drug operations: ""It's pretty hard to do good policy when you're operati‚Ä¶ https://t.co/yEvo8uQWF7",Sat Dec 23 21:27:00 +0000 2017,0.6908,0.26,0.06,0.681
@FoxNews,"Moments ago, President @realDonaldTrump launched a series of tweets about Andrew McCabe, Deputy Director of the‚Ä¶ https://t.co/aP7hJoh0Pu",Sat Dec 23 21:17:12 +0000 2017,0.128,0.091,0.0,0.909
@FoxNews,Democrats For Trump President: My Party Is Suffering from 'Trump Derangement' https://t.co/F4MxGqfl85 https://t.co/wHnvBAFgoj,Sat Dec 23 21:15:03 +0000 2017,-0.1027,0.161,0.185,0.655
@FoxNews,"Allan Smith on a bipartisan agenda in 2018: ""The GOP is pretty much forced to be able to have to do things that are‚Ä¶ https://t.co/iizwXHEdYt",Sat Dec 23 21:08:03 +0000 2017,0.0516,0.113,0.106,0.78
@FoxNews,BREAKING NEWS: @WhiteHouse denies @nytimes report that @POTUS made disparaging remarks about immigrants. https://t.co/14zF0TScOY,Sat Dec 23 21:04:31 +0000 2017,-0.7184,0.0,0.333,0.667
@FoxNews,".@RepMattGaetz: ""We have email evidence from Andrew McCabe indicating that @HillaryClinton was going to get a 'HQ S‚Ä¶ https://t.co/EolgSf9rF7",Sat Dec 23 20:53:44 +0000 2017,0.0,0.0,0.0,1.0
@FoxNews,"Clifford May on @POTUS' national security strategy: ""President @realDonaldTrump believes that we should be leading‚Ä¶ https://t.co/a65ZVYjX1x",Sat Dec 23 20:47:22 +0000 2017,0.34,0.138,0.0,0.862
@FoxNews,".@SebGorka: ""We are paying more than 20% of the @UN's budget."" https://t.co/aKlaef4eGw",Sat Dec 23 20:45:02 +0000 2017,0.0,0.0,0.0,1.0
@FoxNews,"Death toll for Philippines storm rises to 120, 160 others still missing https://t.co/q4L62fgcp8",Sat Dec 23 20:42:46 +0000 2017,-0.7269,0.0,0.357,0.643
@FoxNews,Democrats For Trump President: My Party Is Suffering from 'Trump Derangement' https://t.co/F4MxGqwWwF https://t.co/Pnbhqc4xr6,Sat Dec 23 20:35:27 +0000 2017,-0.1027,0.161,0.185,0.655
@FoxNews,"It's #Festivus, which means @RandPaul is celebrating with the Airing of Grievances. https://t.co/bWFgX7w9o1 https://t.co/ByVlQsEUdW",Sat Dec 23 20:24:07 +0000 2017,0.296,0.203,0.137,0.659
@FoxNews,Dow so far this year. https://t.co/nIeYJ0RPwb,Sat Dec 23 20:22:25 +0000 2017,0.0,0.0,0.0,1.0
@FoxNews,Guy Benson Calls Out Media's 'Near Silence' on @BarackObama- Hezbollah Bombshell Report https://t.co/6v1QhmptJa,Sat Dec 23 20:15:00 +0000 2017,0.0,0.0,0.0,1.0
@FoxNews,".@Ravens President Tells Fans Anthem Protests Hurt Attendance
https://t.co/I51rdwlg45",Sat Dec 23 20:10:58 +0000 2017,-0.6486,0.0,0.431,0.569
@FoxNews,".@MikeOzanian: ""Where was the Republican Party when Obama was keeping other secrets of this deal? When he was wiret‚Ä¶ https://t.co/N3icNpPKIX",Sat Dec 23 20:08:41 +0000 2017,0.4019,0.124,0.0,0.876
@FoxNews,"Uproar as top MSNBC hosts denounce their own network for firing beloved contributor Joan Walsh for unknown reasons
https://t.co/Po4BEPO2JW",Sat Dec 23 20:07:11 +0000 2017,0.0772,0.205,0.193,0.602
@FoxNews,".@Franklin_Graham: ""I'm so excited that the president isn't afraid to mention the name of Jesus Christ.""‚Ä¶ https://t.co/k37E9Nlnzi",Sat Dec 23 20:01:25 +0000 2017,0.4795,0.163,0.0,0.837
@FoxNews,Matt Damon's father dies after long battle with cancer https://t.co/lTefJO6yBz,Sat Dec 23 19:54:06 +0000 2017,-0.7906,0.0,0.467,0.533
@FoxNews,".@AdamKlotzFNC on Christmas Day weather: ""We may see a couple of flurries stretching from DC up towards the Boston‚Ä¶ https://t.co/PcL6xG7r5T",Sat Dec 23 19:48:16 +0000 2017,0.0,0.0,0.0,1.0
@FoxNews,Iraqi Christians have raised a 30-ft. tall Christmas tree in Baghdad to celebrate both the holiday and the expulsio‚Ä¶ https://t.co/ZsLb1yS9b7,Sat Dec 23 19:40:59 +0000 2017,0.7506,0.274,0.0,0.726
@FoxNews,.@BenShapiro reports @Rosie O'Donnell for harassment to see if Twitter favors liberals     https://t.co/Ux9WjmMro2,Sat Dec 23 19:40:07 +0000 2017,-0.3612,0.121,0.212,0.667
@FoxNews,"Cabot Phillips on James Baker reassignment: ""The American people don't trust [the FBI] right now at a high level to‚Ä¶ https://t.co/LjAtWIqWe0",Sat Dec 23 19:39:51 +0000 2017,-0.4023,0.0,0.125,0.875
@FoxNews,"Cabot Phillips on James Baker reassignment: ""This doesn't have as much to do with James Baker in some ways as it do‚Ä¶ https://t.co/OctRrLJhzi",Sat Dec 23 19:38:05 +0000 2017,0.0,0.0,0.0,1.0
@FoxNews,"Antjuan Seawright on James Baker reassignment: ""As the temperature seems to rise and gets a little hotter with the‚Ä¶ https://t.co/ievNioZ0LD",Sat Dec 23 19:33:25 +0000 2017,0.0,0.0,0.0,1.0
@FoxNews,"Ben Stein: ""Of course @TheDemocrats only care about the deficit when the Republicans are in power... They don't wor‚Ä¶ https://t.co/Pmfx55ZFB5",Sat Dec 23 19:30:04 +0000 2017,0.128,0.134,0.113,0.753
@FoxNews,".@AmbJohnBolton on Russian criticism of Ukraine weapons decision: ""I think Putin respects strength. I think he push‚Ä¶ https://t.co/xWhYYBGM3H",Sat Dec 23 19:27:11 +0000 2017,-0.0772,0.226,0.239,0.535
@FoxNews,".@AmbJohnBolton on supplying Ukraine with lethal weapons: ""The notion that Ukraine somehow by now getting assistanc‚Ä¶ https://t.co/Lk6BsP5fzK",Sat Dec 23 19:22:41 +0000 2017,-0.4404,0.0,0.153,0.847
@CBS,"Rapper @BustaRhymes pays tribute to @LLCoolJ, performing his hit song ""Mama Said Knock You Out"" at The 40th Annual‚Ä¶ https://t.co/CRjQArUqwd",Sat Dec 23 16:21:17 +0000 2017,0.0,0.0,0.0,1.0
@CBS,"Oh, what fun it is to stream! Start a 1-month FREE trial of #CBSAllAccess now. Use promo code BINGE by 1/2:‚Ä¶ https://t.co/rSAnDJDgbI",Sat Dec 23 15:00:02 +0000 2017,0.8236,0.286,0.0,0.714
@CBS,CBS stars are glowing with holiday spirit! See how the stars are getting festive this season:‚Ä¶ https://t.co/7qYTHoxFIc,Sat Dec 23 12:37:04 +0000 2017,0.7712,0.355,0.0,0.645
@CBS,Spread some holiday cheer and laugh along with Dick Van Dyke and Mary Tyler Moore in two back-to-back episodes of T‚Ä¶ https://t.co/N89JoYvXZW,Sat Dec 23 07:24:44 +0000 2017,0.743,0.311,0.107,0.583
@CBS,Come home for the holidays with Lucy and Ricky in the I Love Lucy Christmas Special! Stream the full show:‚Ä¶ https://t.co/s7f9mjEtER,Sat Dec 23 06:39:45 +0000 2017,0.8687,0.365,0.0,0.635
@CBS,"Tonight at 9/8c, gather the family for two hilarious episodes of this classic sitcom in The Dick Van Dyke Show- Now‚Ä¶ https://t.co/YcyECVr2NN",Sat Dec 23 01:38:37 +0000 2017,-0.1531,0.104,0.127,0.769
@CBS,Get ready to laugh in the holidays tonight with Lucy and the gang in the I Love Lucy Christmas Special at 8/7c! Str‚Ä¶ https://t.co/txU2TwXWOg,Sat Dec 23 00:39:52 +0000 2017,0.9422,0.469,0.0,0.531
@CBS,"Tonight, ring in the holidays with two back-to-back episodes of a timeless comedy classic, now in color! Watch the‚Ä¶ https://t.co/skJsgJdQel",Fri Dec 22 19:35:35 +0000 2017,0.6588,0.241,0.0,0.759
@CBS,"Groundbreaking, daring, fearless. This is CBS All Access Originals. 

Sign up now to watch @StarTrekCBS,‚Ä¶ https://t.co/kvPsJafYrN",Fri Dec 22 18:03:20 +0000 2017,0.6597,0.278,0.0,0.722
@CBS,2017 Honoree @LLCoolJ is the first hip-hop artist recognized at the #KCHonors! Learn more about the @NCISLA star's‚Ä¶ https://t.co/eK91KdBNpG,Fri Dec 22 14:04:52 +0000 2017,0.5255,0.159,0.0,0.841
@CBS,"She's at it again! Tomorrow, relive Lucy's hilarious antics during the I Love Lucy Christmas Special at 8/7c on CBS‚Ä¶ https://t.co/g01UGGLEDk",Thu Dec 21 12:04:04 +0000 2017,0.8718,0.368,0.0,0.632
@CBS,"RT @survivorcbs: 6 heroes, 6 healers, 6 hustlers, but only 1 sole #Survivor. Ready to find out who it is? Tune in to the #SurvivorFinale no‚Ä¶",Thu Dec 21 01:04:27 +0000 2017,0.6597,0.213,0.0,0.787
@CBS,Watch @kelly_clarkson deliver a moving performance of 'Christmas Eve' during A Home for the Holidays with‚Ä¶ https://t.co/TAcstl7VYh,Wed Dec 20 23:00:04 +0000 2017,0.3818,0.157,0.0,0.843
@CBS,"In two days, celebrate the holidays with the gang with two back-to-back episodes of the classic sitcom during the I‚Ä¶ https://t.co/FRr8jX7MXZ",Wed Dec 20 21:08:10 +0000 2017,0.743,0.249,0.0,0.751
@CBS,2017 Honoree @LLCoolJ salutes James Brown for paving the way for artists like himself. Don't miss The 40th Annual K‚Ä¶ https://t.co/310Wfk7EoW,Wed Dec 20 20:10:15 +0000 2017,0.7222,0.281,0.0,0.719
@CBS,Singer-songwriter @JoshGroban delivers a powerhouse performance while raising awareness of adoption through foster‚Ä¶ https://t.co/FiQKJdx7Ty,Wed Dec 20 19:31:47 +0000 2017,0.0,0.0,0.0,1.0
@CBS,Do you know all the nominees for Album Of The Year? Get familiar with this year's GRAMMY¬Æ  Award nominees ahead of‚Ä¶ https://t.co/GYnxLT3n4p,Wed Dec 20 15:30:01 +0000 2017,0.5423,0.143,0.0,0.857
@CBS,RT @survivorcbs: This finale is going to be unlike any ending in the history of #Survivor. Don't miss the finale + reunion all starting Wed‚Ä¶,Wed Dec 20 01:01:19 +0000 2017,0.1139,0.059,0.0,0.941
@CBS,"This Friday, gather around the tree and celebrate the holidays with Lucille Ball! Watch two colorized back-to-back‚Ä¶ https://t.co/4wopbmS4ez",Wed Dec 20 00:14:34 +0000 2017,0.7644,0.292,0.0,0.708
@CBS,Kevin and Vanessa took a trip back in time on last night's #KevinCanWait. Watch the latest episode now:‚Ä¶ https://t.co/SAqbLOd1Pg,Tue Dec 19 21:12:50 +0000 2017,0.0,0.0,0.0,1.0
@CBS,"Find out how to watch A Home for the Holidays with @JoshGroban, featuring performances by @Kelly_Clarkson,‚Ä¶ https://t.co/Y6zrR9PigH",Tue Dec 19 21:00:03 +0000 2017,0.3818,0.148,0.0,0.852
@CBS,"In one week, celebrate a night of legends when @LionelRichie, @GloriaEstefan, Carmen de Lavallade (@CarmenDances),‚Ä¶ https://t.co/u7eXxb521H",Tue Dec 19 15:30:04 +0000 2017,0.5719,0.209,0.0,0.791
@CBS,"Kick off The 60th Annual #GRAMMYs with @NancyODell, @KevinFrazier &amp; @KeltieKnight as they go behind the scenes with‚Ä¶ https://t.co/J6KDEGV1g1",Tue Dec 19 14:42:58 +0000 2017,0.0,0.0,0.0,1.0
@CBS,"Country crooner Luke Bryan (@LukeBryanOnline) honors @LionelRichie with a smooth rendition of his original song, 'P‚Ä¶ https://t.co/XIF7ESukR8",Tue Dec 19 00:39:07 +0000 2017,0.6808,0.286,0.0,0.714
@CBS,The search is on to find the pro football player with the best off-the-field talent. Vote for your favorite player‚Ä¶ https://t.co/7uXC3SEz96,Mon Dec 18 22:53:34 +0000 2017,0.875,0.357,0.0,0.643
@CBS,"It's the greatest gift a family can give. Celebrate adoption with superstars @JoshGroban, @Kelly_Clarkson,‚Ä¶ https://t.co/1wc6meuGF7",Mon Dec 18 21:32:25 +0000 2017,0.8957,0.495,0.0,0.505
@CBS,"Mark your calendars! @NCISLA star @LLCoolJ will host MVP: Most Valuable Performer, a new interactive talent show to‚Ä¶ https://t.co/s2LilAv50X",Mon Dec 18 18:40:55 +0000 2017,0.7569,0.288,0.0,0.712
@CBS,"Approximate start times for #CBS tonight (East &amp; Midwest):
#60Minutes 7:38p/6:38c
#WisdomoftheCrowd 8:38p/7:38c‚Ä¶ https://t.co/tFKrUBcv8B",Mon Dec 18 00:42:56 +0000 2017,0.0,0.0,0.0,1.0
@CBS,"RT @kencen: Look back on favorite #KCHonors tributes before the Dec. 26 @CBS broadcast! From 2002: @aliciakeys sings ""Bridge Over Troubled‚Ä¶",Mon Dec 18 00:00:40 +0000 2017,0.5093,0.141,0.0,0.859
@CBS,"This Friday, you won't want to miss this priceless treasure when the I Love Lucy Christmas Special airs at 8/7c on‚Ä¶ https://t.co/oyC9YDno00",Sun Dec 17 17:48:58 +0000 2017,0.8527,0.38,0.044,0.576
@CBS,Get ready for football! Stream NFL on CBS today with #CBSAllAccess. Try 1 week FREE (not available on mobile phones‚Ä¶ https://t.co/cNMa11dmza,Sun Dec 17 15:39:38 +0000 2017,0.7798,0.275,0.0,0.725
@CBS,RT @HawaiiFive0CBS: Was it all a dream? Catch up on the #H50 Fall Finale: https://t.co/PDeOIaDGqu https://t.co/msEijhSSJH,Sat Dec 16 18:29:05 +0000 2017,0.25,0.125,0.0,0.875
@CBS,"In less than a week, Lucy and Ricky will return to your screens... in full color! Don't miss two back-to-back episo‚Ä¶ https://t.co/rtmvB5Cj1D",Sat Dec 16 12:00:07 +0000 2017,0.1867,0.08,0.0,0.92
@CBS,Do you know all the nominees for Record Of The Year? Get familiar with this year's GRAMMY¬Æ Award nominees ahead of‚Ä¶ https://t.co/lXDIu1STfq,Fri Dec 15 20:23:58 +0000 2017,0.5423,0.143,0.0,0.857
@CBS,'Elton John: I'm Still Standing - A GRAMMY¬Æ Salute' will celebrate Elton John's legendary career and timeless hits!‚Ä¶ https://t.co/6M38jQQpTA,Fri Dec 15 14:43:08 +0000 2017,0.6114,0.2,0.0,0.8
@CBS,"Get to know 2017 Kennedy Center honorees @LLCoolJ, Carmen de Lavallade (@CarmenDances), @GloriaEstefan,‚Ä¶ https://t.co/RGe3zqmY08",Thu Dec 14 19:13:25 +0000 2017,0.5106,0.202,0.0,0.798
@CBS,"So close, yet so far away. Which #Survivor Castaways Will Earn Their Spot In The Final Five? More:‚Ä¶ https://t.co/efeBVa4p26",Wed Dec 13 23:20:01 +0000 2017,0.0,0.0,0.0,1.0
@CBS,RT @BandB_CBS: Take a walk down #BoldandBeautiful memory lane! RT your favorite #Steam moment. https://t.co/kxeD2br8Tc,Wed Dec 13 18:56:58 +0000 2017,0.5093,0.202,0.0,0.798
@CBS,"RT @thegoodfight: Court is back in session. Season 2 of #TheGoodFight premieres March 4, exclusively on CBS All Access: https://t.co/Niu5a8‚Ä¶",Tue Dec 12 20:34:16 +0000 2017,0.0,0.0,0.0,1.0
@CBS,Only two weeks until The 40th Annual Kennedy Center Honors air on December 26! Look back on four decades of inspiri‚Ä¶ https://t.co/z4J8sfs55V,Tue Dec 12 19:04:59 +0000 2017,0.5562,0.146,0.0,0.854
@CBS,"Mark your calendars! The 53rd Academy Of Country Music Awards will air Sunday, April 15 on CBS!‚Ä¶ https://t.co/yYPc5rCiMW",Tue Dec 12 17:13:52 +0000 2017,0.555,0.174,0.0,0.826
@CBS,The search is on to find the pro football player with the best off-the-field talent! Vote for your favorite perform‚Ä¶ https://t.co/musmVXrRJz,Mon Dec 11 21:29:33 +0000 2017,0.8832,0.364,0.0,0.636
@CBS,RT @MadamSecretary: No D.C. holiday party is complete without some political persuasion and a covert sting to bust a corrupt senator. üéÑ‚≠êÔ∏è S‚Ä¶,Mon Dec 11 19:05:21 +0000 2017,0.4939,0.211,0.086,0.703
@CBS,"Due to NFL overrun, CBS is delayed 8 mins in the following ET &amp; CT markets: Hunstville, AL, Bowling Green, KY, MS,‚Ä¶ https://t.co/gbwhgooEQd",Mon Dec 11 00:26:50 +0000 2017,-0.2263,0.0,0.083,0.917
@CBS,"Due to NFL overrun CBS is delayed 7 mins in the following ET &amp; CT markets Tampa, Chicago, Maryland, Michigan, Wash‚Ä¶ https://t.co/driVgCiX7D",Mon Dec 11 00:25:54 +0000 2017,-0.2263,0.0,0.087,0.913
@CBS,"RT @NoActivityCBS: If you want the intel, you get the tickles. üòÇ Stream the first 5 episodes of #NoActivity now: https://t.co/Wzq9bVOhGN ht‚Ä¶",Sun Dec 10 22:49:02 +0000 2017,0.0772,0.064,0.0,0.936
@CBS,RT @startrekcbs: .@albinokid and @wcruz73 are breaking new ground in #StarTrekDiscovery. üè≥Ô∏è‚Äçüåà Stream chapter 1 on CBS All Access: https://t‚Ä¶,Sun Dec 10 22:48:46 +0000 2017,0.0,0.0,0.0,1.0
@CBS,Don‚Äôt miss America‚Äôs Game! Stream the Army-Navy game LIVE today at 3PM ET with a FREE trial of #CBSAllAccess:‚Ä¶ https://t.co/38udnQj2vs,Sat Dec 09 18:24:37 +0000 2017,0.5754,0.189,0.07,0.742
@CBS,"There's still time before we have to say so long! Catch up with Carol Burnett, her original castmates and special g‚Ä¶ https://t.co/WTiK8dzaXO",Sat Dec 09 01:11:51 +0000 2017,0.6476,0.209,0.0,0.791
@CBS,RT @bigbangtheory: It's the biggest best friend breakup of the year... üò± Stream the latest full episode of #BigBangTheory: https://t.co/iIw‚Ä¶,Fri Dec 08 23:35:41 +0000 2017,0.8126,0.303,0.0,0.697
@CBS,"RT @AmazingRaceCBS: Presenting... the 30th cast of the #AmazingRace! Made up of champions and winners, this is quite literally the most com‚Ä¶",Thu Dec 07 18:23:03 +0000 2017,0.7777,0.254,0.0,0.746
@CBS,Do you know all the nominees for Song Of The Year? Get familiar with this year's GRAMMY¬Æ Award nominees ahead of Mu‚Ä¶ https://t.co/I6hhOtfQjb,Thu Dec 07 12:07:06 +0000 2017,0.5423,0.137,0.0,0.863
@CBS,"A new Twilight Zone original series is coming exclusively to CBS All Access in association with @JordanPeele,‚Ä¶ https://t.co/fVYnhUASee",Wed Dec 06 17:32:28 +0000 2017,0.3182,0.126,0.0,0.874
@CBS,RT @SuperiorDonuts: You'll want to check this box! ‚òëÔ∏é Stream the latest episode of #SuperiorDonuts: https://t.co/h1xhKLCAPl https://t.co/d8‚Ä¶,Tue Dec 05 19:21:31 +0000 2017,0.1511,0.09,0.0,0.91
@CBS,RT @YoungSheldon: Wondering what it's like behind the scenes of #YoungSheldon? Let star @OfficialRaeganR take you on a tour of the set! htt‚Ä¶,Tue Dec 05 19:14:00 +0000 2017,0.4199,0.117,0.0,0.883
@CBS,The Kennedy Center Honors recognizes the lifetime contributions of all types of performance artists. Watch the 40th‚Ä¶ https://t.co/azF3rW2ptw,Tue Dec 05 00:54:16 +0000 2017,0.5106,0.163,0.0,0.837
@CBS,RT @YoungSheldon: There's something @elonmusk never told you about @spacex's Falcon 9. üìì  #YoungSheldon https://t.co/bu3W0IC8zN,Tue Dec 05 00:03:06 +0000 2017,0.0,0.0,0.0,1.0
@CBS,"Just like old times, Carol Burnett bumps up the lights and answers questions from the audience. Catch up on The Car‚Ä¶ https://t.co/9r7WI8d1tZ",Mon Dec 04 20:52:31 +0000 2017,0.3612,0.106,0.0,0.894
@CBS,Star comedian @JimCarrey gets emotional when he expresses his heartfelt thanks to Carol Burnett for her positive in‚Ä¶ https://t.co/5QCejBcg5T,Mon Dec 04 19:22:07 +0000 2017,0.9217,0.504,0.0,0.496
@CBS,Take a trip down memory lane with Carol Burnett for a special tribute you'll never forget. Catch up on The Carol Bu‚Ä¶ https://t.co/XBINDav614,Mon Dec 04 07:14:06 +0000 2017,0.5213,0.187,0.0,0.813
@CBS,"RT @JLawlorNY: So, ok...maybe I'm crying at at the #CarolBurnett50 finale with everyone singing her theme song! #ImSoGladWeHadThisTimeToget‚Ä¶",Mon Dec 04 03:02:00 +0000 2017,-0.5655,0.0,0.177,0.823
@CBS,RT @junerenee: A true classic and favorite!! Love #CarolBurnett50 laughed and cried...just like before!,Mon Dec 04 03:01:09 +0000 2017,0.9466,0.672,0.0,0.328
@CBS,RT if you‚Äôve loved reliving these classic moments during #CarolBurnett50 https://t.co/I1tIWeSlsQ,Mon Dec 04 02:51:35 +0000 2017,0.5994,0.281,0.0,0.719
@CBS,RT @Mom101: I can't tell you the joy of seeing my 10yo laughing at this. Especially the Tim Conway dentist sketch.  #CarolBurnett50,Mon Dec 04 02:49:27 +0000 2017,0.7906,0.269,0.0,0.731
@CBS,"RT @AdeleAndMike: Thank You for bringing back such wonderful memories, the entire family would gather to watch, and we would then laugh abo‚Ä¶",Mon Dec 04 02:47:39 +0000 2017,0.8689,0.329,0.0,0.671
@CBS,RT @tessab13: The Siamese Elephants skit on the Carol Burnett show is such a classic and possibly my favorite. Loved Tim Conway! #CarolBurn‚Ä¶,Mon Dec 04 02:43:14 +0000 2017,0.8016,0.264,0.0,0.736
@CBS,RT @inezpanebianco: @OfficialBPeters and Carol Burnett reminiscing back on the carol burnett show is my idea of a perfect night ‚ù§Ô∏è #CarolBu‚Ä¶,Mon Dec 04 02:26:30 +0000 2017,0.5719,0.156,0.0,0.844
@CBS,"What a performance by @OfficialBPeters, @KChenoweth, Carol Burnett, Steve Lawrence, and @StephenAtHome!‚Ä¶ https://t.co/DqewQ6ASQp",Mon Dec 04 02:22:42 +0000 2017,0.0,0.0,0.0,1.0
@CBS,RT @jonjeffryes: Bob Mackie created 65 costumes a week for The Carol Burnett Show #CarolBurnett50,Mon Dec 04 02:12:59 +0000 2017,0.25,0.133,0.0,0.867
@CBS,RT @bmayberry92: Steve Carell with that video submission though! üòÇ #carolburnett50,Mon Dec 04 01:56:26 +0000 2017,0.0,0.0,0.0,1.0
@CBS,She‚Äôs still got it! #CarolBurnett50 https://t.co/zTxZc5zrqP,Mon Dec 04 01:55:44 +0000 2017,0.0,0.0,0.0,1.0
@CBS,RT @BobMackie: Our friend Tim Conway never failed to make us laugh #CarolBurnett50,Mon Dec 04 01:43:24 +0000 2017,0.8591,0.487,0.0,0.513
@CBS,RT @bpeters99: #CarolBurnett50  Am I the Only one with tears in my eyes while I give a standing ovation from my couch? One of the most bril‚Ä¶,Mon Dec 04 01:33:37 +0000 2017,-0.2263,0.0,0.076,0.924
@CBS,RT @SuperJen1117: This show is awesome...Some of the funniest women together on one stage üôåüèº‚ù§Ô∏è #CarolBurnett50,Mon Dec 04 01:24:51 +0000 2017,0.5574,0.194,0.0,0.806
@CBS,These two are just like sisters ‚ù§Ô∏è #CarolBurnett50 https://t.co/EPpyf2kOuV,Mon Dec 04 01:13:30 +0000 2017,0.3612,0.238,0.0,0.762
@CBS,RT @chattie: Watching #carolburnett50  can‚Äôt quit smiling. Brings me memories of watching on Saturday nights with my mom and grandma.,Mon Dec 04 01:11:57 +0000 2017,0.4588,0.136,0.0,0.864
@CBS,RT @DanRocks98: Settling in for the #CarolBurnett50 special. This lady is comedy gold! A true staple of my childhood.,Mon Dec 04 01:05:31 +0000 2017,0.807,0.356,0.0,0.644
@CBS,She‚Äôs back! Tune in now to see The Carol Burnett 50th Anniversary Special on CBS and CBS All Access. #CarolBurnett50 https://t.co/HhvRmT5AR0,Mon Dec 04 01:00:09 +0000 2017,0.4574,0.13,0.0,0.87
@CBS,"Due to #NFL football overrun #CBS is delayed 11 min in: 
Atlanta 
Baltimore 
Columbus
Cleveland 
Toledo
Detroit
Fli‚Ä¶ https://t.co/oCkn11yJOR",Mon Dec 04 00:25:16 +0000 2017,-0.2263,0.0,0.095,0.905
@CBS,Relive the laughter and the magic in this star-studded tribute to everyone's favorite classic comedy show. Don't mi‚Ä¶ https://t.co/WV6jxBnRAt,Sun Dec 03 20:00:02 +0000 2017,0.8271,0.352,0.0,0.648
@CBS,"Tonight, spend an evening together with Carol Burnett and celebrity friends as they celebrate The Carol Burnett 50t‚Ä¶ https://t.co/uH2uM9cJFS",Sun Dec 03 18:44:14 +0000 2017,0.7783,0.286,0.0,0.714
@CBS,Carol Burnett credits the close-knit cast for the success of her show. Join her and original cast members Vicki Law‚Ä¶ https://t.co/1rlNPUS5EJ,Sun Dec 03 17:32:01 +0000 2017,0.8658,0.386,0.0,0.614
@CBS,Carol Burnett and friends reflect on how the show became an instant classic that's still celebrated today! Join the‚Ä¶ https://t.co/lZgVz9XSyM,Sun Dec 03 13:00:04 +0000 2017,0.8516,0.353,0.0,0.647
@CBS,"Tonight, celebrate with Carol Burnett, Vicki Lawrence, Lyle Waggoner &amp; more special guests! Find out how to watch T‚Ä¶ https://t.co/Rhm6RJ34u2",Sun Dec 03 12:00:01 +0000 2017,0.7897,0.28,0.0,0.72
@CBS,Stream Indiana at Michigan LIVE today at 12:30PM ET with a 1-month FREE trial of #CBSAllAccess. Just use promo code‚Ä¶ https://t.co/xRem3zSyEQ,Sat Dec 02 15:55:39 +0000 2017,0.6166,0.175,0.0,0.825
@CBS,Kristin Chenoweth (@KChenoweth) explains why audiences still crave Carol Burnett! Don't miss The Carol Burnett 50th‚Ä¶ https://t.co/kM92NTtTfs,Sat Dec 02 14:30:03 +0000 2017,0.1867,0.098,0.0,0.902
@CBS,"Catch up on this amazing lineup of music specials! Here's how to watch Bruno Mars: 24K Magic Live at the Apollo, Th‚Ä¶ https://t.co/Jit2CzZJCY",Sat Dec 02 13:00:07 +0000 2017,0.6996,0.179,0.0,0.821
@CBS,Missed Bruno Mars: 24K Magic Live at the Apollo? Keep up! Watch the full show: https://t.co/itXpGB5gRm #BrunoMars https://t.co/8yyQlC1LML,Sat Dec 02 12:00:03 +0000 2017,-0.3595,0.0,0.128,0.872
@CBS,Reminisce with these classic photos and get ready to relive the magic when The Carol Burnett 50th Anniversary Speci‚Ä¶ https://t.co/yJQEzCjoSA,Fri Dec 01 22:43:05 +0000 2017,0.3612,0.116,0.0,0.884
@CBS,"RT @LivinBiblically: In the beginning, there was Chip. And lo! Chip had a revelation. #LivingBiblically is a new comedy premiering Monday,‚Ä¶",Fri Dec 01 22:15:28 +0000 2017,0.4199,0.134,0.0,0.866
@CBS,"Discover these pro football stars' off-the-field talents in MVP: Most Valuable Performer, airing Jan 25 on CBS! Fin‚Ä¶ https://t.co/g8jSRW8mQf",Fri Dec 01 21:00:12 +0000 2017,0.7707,0.282,0.0,0.718
@CBS,"Find out when #BigBrother celebrity edition, #AmazingRace, #Survivor, new drama @instinctcbs and new comedy‚Ä¶ https://t.co/4Psl74zcCB",Fri Dec 01 20:17:18 +0000 2017,0.0,0.0,0.0,1.0
@CBS,Actress @BethBehrs explains why Carol Burnett is her hero! Celebrate her lasting influence with The Carol Burnett 5‚Ä¶ https://t.co/Lnt5P9jEu0,Fri Dec 01 19:32:18 +0000 2017,0.8221,0.309,0.0,0.691
@CBS,"RT @instinctcbs: New drama #Instinct, starring @Alancumming, premieres Sunday, March 11 on @CBS! https://t.co/aaL0JXpqav",Fri Dec 01 18:40:34 +0000 2017,0.0,0.0,0.0,1.0
@CBS,"RT @AmazingRaceCBS: On your marks... #AmazingRace returns Wednesday, January 3! https://t.co/XMSJSUymUZ",Fri Dec 01 18:16:37 +0000 2017,0.0,0.0,0.0,1.0
@CBS,RT @CBSBigBrother: Mark. Your. Calendars. The celebrity edition of #BigBrother premieres February 7! https://t.co/nP3Do6jTwM,Fri Dec 01 18:10:11 +0000 2017,0.0,0.0,0.0,1.0
@CBS,The Angels await you... catch up on the world's most celebrated fashion show now! Watch the full 2017‚Ä¶ https://t.co/xfYDbEzpfX,Fri Dec 01 14:00:04 +0000 2017,0.6893,0.251,0.0,0.749
@CBS,"Comedy stars Amy Poehler, Bill Hader, @MayaRudolph &amp; @TraceeEllisRoss give the legendary Tarzan yell a try- but no‚Ä¶ https://t.co/lrrHE2f9Nv",Fri Dec 01 12:00:03 +0000 2017,0.1901,0.093,0.0,0.907
@CBS,Action-adventure series 'Blood &amp; Treasure' has been picked up for broadcast in Summer 2019: https://t.co/gAjqbF5bYh https://t.co/3cTBH9AKFI,Fri Dec 01 01:31:30 +0000 2017,0.296,0.128,0.0,0.872
@CBS,Carol Burnett visited @TheTalkCBS to discuss how she got her start in show business! Watch The Carol Burnett 50th A‚Ä¶ https://t.co/EyqmFWZHEC,Thu Nov 30 21:10:19 +0000 2017,0.0,0.0,0.0,1.0
@nytimes,Why the new blood pressure guidelines could lead to harm https://t.co/L74nOmWJ0t,Sun Dec 24 04:16:56 +0000 2017,-0.6908,0.0,0.388,0.612
@nytimes,Joan Walsh‚Äôs Contract at MSNBC Is Not Renewed https://t.co/9BceE2aHwp,Sun Dec 24 03:59:43 +0000 2017,0.0,0.0,0.0,1.0
@nytimes,"Somewhere between a food truck and a food tent, you'll find the Cubert https://t.co/veVK9lyJIR",Sun Dec 24 03:56:47 +0000 2017,0.0,0.0,0.0,1.0
@nytimes,"In an absurdly perfect English village, John Rutter lives in a manor house, where he composes Christmas  https://t.co/uLTxpyQrd1",Sun Dec 24 03:37:10 +0000 2017,0.5719,0.188,0.0,0.812
@nytimes,Why sitting may be bad for your heart https://t.co/CNG78TCzNW,Sun Dec 24 03:20:53 +0000 2017,-0.5423,0.0,0.304,0.696
@nytimes,A photographer‚Äôs look behind the shiny facade of Art Basel Miami Beach https://t.co/JEF5u0ag1V,Sun Dec 24 03:01:11 +0000 2017,0.0,0.0,0.0,1.0
@nytimes,Homemade marshmallows are a cooking project that sounds totally hard. But they are actually pretty simple to make. https://t.co/HMWwb8ZkIw,Sun Dec 24 02:41:38 +0000 2017,0.3626,0.153,0.081,0.766
@nytimes,He heard that Marilyn Monroe would be in Manhattan filming scenes for her new movie. So he grabbed his camera.‚Ä¶ https://t.co/1o2ZyrEXoy,Sun Dec 24 02:25:05 +0000 2017,0.0,0.0,0.0,1.0
@nytimes,"The Neediest Cases Fund: ‚ÄòI Was Not Going to Accept It‚Äô: After Captivity, Blind Syrian Forges Path to U.S. https://t.co/EhW0hmFd9c",Sun Dec 24 02:08:17 +0000 2017,-0.0258,0.112,0.116,0.773
@nytimes,We asked experts what they thought it would take to fix the NYC subway. Here are 6 suggestions.‚Ä¶ https://t.co/U34AdMRUEJ,Sun Dec 24 01:54:32 +0000 2017,0.0,0.0,0.0,1.0
@nytimes,How to do things better in 2018 https://t.co/SXDNJPo6ch,Sun Dec 24 01:36:28 +0000 2017,0.4404,0.293,0.0,0.707
@nytimes,Meghan Markle is defiant in her official engagement photo with Prince Harry https://t.co/2VDm31MCb6,Sun Dec 24 01:17:58 +0000 2017,0.2732,0.189,0.119,0.692
@nytimes,"Boy, 6, Killed in Deputy Shooting in Texas Days Before Christmas https://t.co/zistMotBJE",Sun Dec 24 01:00:33 +0000 2017,-0.6705,0.0,0.29,0.71
@nytimes,"The most-read New York Times stories of 2017
https://t.co/0pFSMTLFl5",Sun Dec 24 00:44:44 +0000 2017,0.0,0.0,0.0,1.0
@nytimes,In Search of Lost Time https://t.co/tRTP16QAlj,Sun Dec 24 00:26:08 +0000 2017,-0.3182,0.0,0.315,0.685
@nytimes,"Vice was unable to create ‚Äúa safe and inclusive workplace‚Äù for women, 2 of its founders acknowledge https://t.co/WhMo5oYDyH",Sun Dec 24 00:20:05 +0000 2017,0.6124,0.25,0.0,0.75
@nytimes,"Seizing on immigration as the cause of many social and economic problems, Trump entered office with an agenda of sy‚Ä¶ https://t.co/5H9rOXPbw0",Sun Dec 24 00:05:03 +0000 2017,-0.4019,0.0,0.119,0.881
@nytimes,"A Beijing-based company is helping rogue nations like Venezuela crush riots, for a price. Watch our investigation.‚Ä¶ https://t.co/wfnViXcrer",Sat Dec 23 23:50:12 +0000 2017,-0.0516,0.218,0.227,0.556
@nytimes,An annual Upshot Christmas tradition: the NFL playoff trees https://t.co/YwcUYDyiqz,Sat Dec 23 23:35:06 +0000 2017,0.0,0.0,0.0,1.0
@nytimes,Harvey is 104. Irma is 93. They've been married 75 years. They've only ever seen a hurricane on TV.‚Ä¶ https://t.co/z1EpHK0Z88,Sat Dec 23 23:20:02 +0000 2017,0.0,0.0,0.0,1.0
@nytimes,"John Skipper held one of the most powerful jobs in sports as the president of ESPN. This week, he suddenly resigned‚Ä¶ https://t.co/jTvg2e8bBD",Sat Dec 23 23:05:04 +0000 2017,0.4754,0.128,0.0,0.872
@nytimes,3 Miss America executives resigned amid a scandal over derogatory emails. Nearly 50 former pageant winners had call‚Ä¶ https://t.co/vPGhRzxfuh,Sat Dec 23 22:50:03 +0000 2017,-0.34,0.137,0.288,0.575
@nytimes,"The FBI's deputy director, Andrew McCabe, is expected to retire. He has come under repeated criticism from Trump. https://t.co/VFeJQByHe6",Sat Dec 23 22:40:02 +0000 2017,-0.4404,0.0,0.139,0.861
@nytimes,"‚ÄúThese kids are like gladiators. The dominating, the mind games, the winning. It‚Äôs all strategic.‚Äù 
https://t.co/cmFh80DfiH",Sat Dec 23 22:35:06 +0000 2017,0.5719,0.28,0.104,0.616
@nytimes,"Forget about a bottle of wine as a closing gift. Real estate brokers are giving clients rescue dogs, custom-made do‚Ä¶ https://t.co/pIUT66ASc9",Sat Dec 23 22:20:05 +0000 2017,0.7717,0.337,0.075,0.588
@nytimes,Vice Media provided a statement to The New York Times in response to questions about its workplace culture and hara‚Ä¶ https://t.co/Oa6sbcfTcZ,Sat Dec 23 22:05:02 +0000 2017,0.0,0.0,0.0,1.0
@nytimes,"In the decades since Rubert Murdoch bought his first U.S. newspaper, he has failed to cultivate close ties to an Am‚Ä¶ https://t.co/7Rdlz8HP6O",Sat Dec 23 21:50:04 +0000 2017,-0.5106,0.0,0.136,0.864
@nytimes,"As Harvey bore down on Texas, they postponed their wedding. Then they served their wedding meal to displaced reside‚Ä¶ https://t.co/33XQgP0G5z",Sat Dec 23 21:35:06 +0000 2017,-0.4215,0.0,0.174,0.826
@nytimes,Introducing the Year in Pictures. To pause and look back is a revelation. https://t.co/BMysN6grRa,Sat Dec 23 21:20:02 +0000 2017,0.0,0.0,0.0,1.0
@nytimes,Dozens of interviews detail how Trump‚Äôs chaotic approach to reshaping immigration policy has evolved in his first y‚Ä¶ https://t.co/bMd0hDzKOE,Sat Dec 23 21:05:06 +0000 2017,-0.4939,0.0,0.151,0.849
@nytimes,"Follow the process of weaving, which has been developed across cultures for thousands of years‚Ä¶ https://t.co/gITtcHowUB",Sat Dec 23 20:50:07 +0000 2017,0.0,0.0,0.0,1.0
@nytimes,"Opinion: ""At a time when the country is painfully divided, it‚Äôs a comfort to cast myself back to the abbey"" https://t.co/QksCeM6lpr",Sat Dec 23 20:35:07 +0000 2017,-0.2263,0.109,0.148,0.742
@nytimes,Vice Media provided this statement to The New York Times in response to questions about its workplace culture‚Ä¶ https://t.co/dR9z0ti0AV,Sat Dec 23 20:27:31 +0000 2017,0.0,0.0,0.0,1.0
@nytimes,"As word spread within the media world that The Times was reporting on Vice, more than a dozen women and men called‚Ä¶ https://t.co/Ms1pCbslDm",Sat Dec 23 20:22:22 +0000 2017,0.0,0.0,0.0,1.0
@nytimes,"Vice settled with one woman who claimed that Jason Mojica, the former head of Vice News, retaliated against her aft‚Ä¶ https://t.co/wwGyBW9J00",Sat Dec 23 20:18:28 +0000 2017,0.0,0.0,0.0,1.0
@nytimes,"Vice reached a $24,000 settlement with a journalist in its London office who claimed that a Vice producer had made‚Ä¶ https://t.co/NIUDtLdGgO",Sat Dec 23 20:14:31 +0000 2017,0.1027,0.076,0.0,0.924
@nytimes,Vice reached a deal with freelance writer Jessica Hopper after its magazine changed her story to say that she agree‚Ä¶ https://t.co/Rur8uUnkfG,Sat Dec 23 20:10:30 +0000 2017,0.3818,0.167,0.0,0.833
@nytimes,"In 2016 a former employee received a settlement worth $135,000 after claiming she was fired after she rejected an i‚Ä¶ https://t.co/WCNJvtgANW",Sat Dec 23 20:06:12 +0000 2017,-0.7184,0.077,0.278,0.645
@nytimes,A New York Times investigation has found 4 settlements involving allegations of sexual harassment or defamation aga‚Ä¶ https://t.co/o0ur4LFKmY,Sat Dec 23 20:02:36 +0000 2017,-0.5423,0.0,0.189,0.811
@nytimes,"October: A mobile home park in Santa Rosa, California, devastated by a wildfire. The Year in Pictures:‚Ä¶ https://t.co/Qhacx1hpKU",Sat Dec 23 19:55:08 +0000 2017,-0.6124,0.0,0.211,0.789
@nytimes,Russia is using extradition requests to block U.S. trials of accused Russian cybercriminals https://t.co/LvOPSKnP5Q,Sat Dec 23 19:40:03 +0000 2017,-0.6249,0.0,0.298,0.702
@nytimes,The Trump Organization has taken on a distinctly un-Trump-like feel this year https://t.co/vC2nm23p7d,Sat Dec 23 19:25:02 +0000 2017,0.0,0.0,0.0,1.0
@nytimes,"They say the wand picks the wizard, but sometimes the wizard‚Äôs dad has a role to play https://t.co/jRbBLidgoA https://t.co/p5PYZjZUHk",Sat Dec 23 19:10:11 +0000 2017,0.4767,0.154,0.0,0.846
@nytimes,"As word spread within the media world that The Times was reporting on Vice, dozens of women and men called with sto‚Ä¶ https://t.co/znnBryXk49",Sat Dec 23 18:50:04 +0000 2017,0.0,0.0,0.0,1.0
@nytimes,Parts of Puerto Rico won‚Äôt have power for 8 months. What‚Äôs the holdup? https://t.co/qb3G0iozDs https://t.co/ZuIvszrVL4,Sat Dec 23 18:35:07 +0000 2017,0.0,0.0,0.0,1.0
@nytimes,Stephen Paddock‚Äôs family supports the idea of giving his money to victims. The challenge will be to make sure it‚Äôs‚Ä¶ https://t.co/dhWbY496a9,Sat Dec 23 18:21:02 +0000 2017,0.6369,0.317,0.086,0.597
@nytimes,Friends say President Trump grew to see immigration as a zero-sum issue: What is good for immigrants is bad for Ame‚Ä¶ https://t.co/uMeUHcTPgO,Sat Dec 23 18:05:10 +0000 2017,0.3612,0.218,0.127,0.655
@nytimes,"It seemed Trump would let his handpicked FBI director do his work unimpeded. Nearly 5 months later, Trump has not m‚Ä¶ https://t.co/43Bf8yEtXD",Sat Dec 23 17:50:05 +0000 2017,0.0,0.0,0.0,1.0
@nytimes,Read the statement Vice provided to The New York Times in response to questions about its workplace culture and sex‚Ä¶ https://t.co/cjapOmV6Iw,Sat Dec 23 17:35:03 +0000 2017,0.0,0.0,0.0,1.0
@nytimes,Brother Consolmagno's work is to convince the world that faith and science coexist and complement each other https://t.co/yKbXugRi2B,Sat Dec 23 17:25:03 +0000 2017,0.5859,0.231,0.0,0.769
@nytimes,"Breaking News: Groping, unwanted kisses, propositions for sex: At Vice, a hard-partying, boundary-pushing culture c‚Ä¶ https://t.co/SfcCi6wtV4",Sat Dec 23 17:11:38 +0000 2017,0.34,0.181,0.104,0.714
@nytimes,"In 2017, we were confronted with the never-ending task of bearing witness. A look back at the year, in photos.‚Ä¶ https://t.co/3ANZLGAixN",Sat Dec 23 17:10:10 +0000 2017,-0.2023,0.0,0.087,0.913
@nytimes,"For people who have been saying that Bitcoin is a bubble or even some sort of fraud, Friday‚Äôs jolt was a vindication https://t.co/GenyEFvgYM",Sat Dec 23 16:55:04 +0000 2017,-0.624,0.0,0.17,0.83
@nytimes,Asking price for the most expensive house in America? $500 million. https://t.co/TSpBiJzmVu,Sat Dec 23 16:40:33 +0000 2017,0.0,0.0,0.0,1.0
@nytimes,"The UN Security Council placed new sanctions on North Korea, choking off fuel supplies and ordering North Koreans w‚Ä¶ https://t.co/Noh5aevQZU",Sat Dec 23 16:25:06 +0000 2017,-0.1531,0.103,0.128,0.769
@nytimes,He fights obesity in Malaysia. But his money comes from junk food makers. https://t.co/by9FNSjhjw,Sat Dec 23 16:10:03 +0000 2017,-0.4019,0.0,0.172,0.828
@nytimes,"Montreal officials tried to ban adoptions of new pit bulls, but a new administration quickly overturned the restric‚Ä¶ https://t.co/MsaMGYMm8r",Sat Dec 23 15:55:06 +0000 2017,-0.3182,0.0,0.119,0.881
@nytimes,The Year in Pictures: See our editors‚Äô choices for the most compelling images from 2017. To pause and look back is‚Ä¶ https://t.co/Pl17UhI16l,Sat Dec 23 15:40:08 +0000 2017,0.2944,0.095,0.0,0.905
@nytimes,"From New England to Texas, real-life Grinches keep stealing holiday greenery https://t.co/4cS6c3rTjl",Sat Dec 23 15:25:07 +0000 2017,-0.25,0.165,0.226,0.61
@nytimes,What‚Äôs big and shiny and gold and features Donald Trump‚Äôs name splashed across the front? https://t.co/KCjo2GpLBI,Sat Dec 23 15:10:07 +0000 2017,0.0,0.0,0.0,1.0
@nytimes,Yemen‚Äôs War Enters a Dark Stage as Rebels Squeeze the Capital https://t.co/g81nx4P7FF,Sat Dec 23 14:55:50 +0000 2017,-0.6908,0.0,0.388,0.612
@nytimes,Your weekend playlist: The week's 10 most notable new songs https://t.co/a2XW1Yjh65,Sat Dec 23 14:55:07 +0000 2017,0.0,0.0,0.0,1.0
@nytimes,"Layoffs are stunning steelworkers who, just a year ago, greeted Trump‚Äôs election as a new dawn for their industry https://t.co/WyRdgYdvLp",Sat Dec 23 14:40:04 +0000 2017,0.5719,0.227,0.0,0.773
@nytimes,"Afghan Governor Refuses to Leave His Post, Escalating Showdown https://t.co/ieCapbtIF9",Sat Dec 23 14:36:13 +0000 2017,-0.0516,0.0,0.118,0.882
@nytimes,Trump's verbal assaults have put the new FBI director and his leadership team in a difficult position https://t.co/sXHrdox5yg,Sat Dec 23 14:10:10 +0000 2017,-0.7184,0.0,0.286,0.714
@nytimes,"Trump Gives Presidential Challenge Coin a Makeover, and It Shows https://t.co/6E8I8hGqWO",Sat Dec 23 14:06:44 +0000 2017,0.0772,0.126,0.0,0.874
@nytimes,Jeanine Pirro has lately emerged as a force in a right-wing media effort to undermine special counsel Robert Mueller https://t.co/AjCMRRvk7u,Sat Dec 23 13:40:01 +0000 2017,0.128,0.129,0.105,0.766
@nytimes,"WNYC's chief executive said she pushed growth at the cost of the station's culture, revealing a blind spot regardin‚Ä¶ https://t.co/oS3H0SrNeJ",Sat Dec 23 13:25:06 +0000 2017,-0.0258,0.117,0.121,0.762
@nytimes,11 of Our Best Weekend Reads https://t.co/TQ3WDm3VFg,Sat Dec 23 13:23:37 +0000 2017,0.6369,0.412,0.0,0.588
@nytimes,"To Trump, the tax overhaul will make the U.S. a better place to do business. To the rest of the world, it could upe‚Ä¶ https://t.co/7EACqEwQJR",Sat Dec 23 13:10:03 +0000 2017,0.4404,0.112,0.0,0.888
@nytimes,Sporting: Coaches Dream of Glory. I Root for That Dream. https://t.co/SlgLeuP27Z,Sat Dec 23 13:09:28 +0000 2017,0.7579,0.517,0.0,0.483
@nytimes,Just in case you can't find that old tape ‚Äî or your VHS player https://t.co/QrnNCr4vzW,Sat Dec 23 12:47:17 +0000 2017,0.0,0.0,0.0,1.0
@nytimes,The vivid tale of how two bodies were retrieved from near the summit of Mount Everest required networking in India‚Ä¶ https://t.co/tc8SUulPe0,Sat Dec 23 12:31:11 +0000 2017,0.0,0.0,0.0,1.0
@nytimes,The 54 best songs of 2017 https://t.co/xDNRh6hsI6,Sat Dec 23 12:12:50 +0000 2017,0.6369,0.412,0.0,0.588
@nytimes,The best TV shows of 2017 https://t.co/Vp8AwOXFh4,Sat Dec 23 11:54:57 +0000 2017,0.6369,0.412,0.0,0.588
@nytimes,Erdogan Trains His Broom on a Sweep of Turkey‚Äôs Governing Party https://t.co/XTkpq2YOBQ,Sat Dec 23 11:37:05 +0000 2017,0.4019,0.213,0.0,0.787
@nytimes,Weaving Around the World https://t.co/sMjZvk43gO,Sat Dec 23 11:34:17 +0000 2017,0.0,0.0,0.0,1.0
@nytimes,"In Bethlehem, a Mood of Hopeless Resignation Among Palestinians https://t.co/mpHoPe1Hzk",Sat Dec 23 11:31:08 +0000 2017,-0.6369,0.0,0.426,0.574
@nytimes,The best performances of 2017 https://t.co/VbHZ85Ne6R,Sat Dec 23 11:28:53 +0000 2017,0.6369,0.457,0.0,0.543
@nytimes,The Catalonia independence movement is not going away. Spain is staring at a long-term conflict in a deeply divided‚Ä¶ https://t.co/Y2xf286kGq,Sat Dec 23 11:10:04 +0000 2017,-0.3182,0.0,0.119,0.881
@nytimes,"He was in prison for 26 years, and a chef for 24 of them. Now he's opening his own restaurant in Jersey City. https://t.co/o4bqCCLTj9",Sat Dec 23 10:47:09 +0000 2017,-0.5106,0.0,0.13,0.87
@nytimes,11 powerful women we met around the world in 2017 https://t.co/UfV2cyhfpW,Sat Dec 23 10:28:46 +0000 2017,0.4215,0.219,0.0,0.781
@nytimes,Tech Fix: The Biggest Tech Failures and Successes of 2017 https://t.co/NaIPP4SFCU,Sat Dec 23 10:10:18 +0000 2017,0.1531,0.231,0.192,0.577
@nytimes,5 cheap(ish) things that make great last-minute gifts https://t.co/DBR9iekUkn,Sat Dec 23 09:54:55 +0000 2017,0.6249,0.369,0.0,0.631
@nytimes,"Porch pirates are the scourge of the holiday season, swiping vulnerable packages left in plain sight. But there are‚Ä¶ https://t.co/Uc4fRT7vzf",Sat Dec 23 09:36:05 +0000 2017,0.2023,0.119,0.084,0.796
@nytimes,How cuts in basic subway upkeep can (and did) make your commute miserable https://t.co/1hacDcp3fw,Sat Dec 23 09:17:31 +0000 2017,-0.6597,0.0,0.31,0.69
@nytimes,"After years out of the spotlight, Eminem returned with an album that revisits familiar topics and tropes https://t.co/oMaJ3IMMbg",Sat Dec 23 08:58:57 +0000 2017,0.0,0.0,0.0,1.0
@nytimes,Tropical Storm in Philippines Kills Scores and Leaves Dozens Missing https://t.co/1zb38n5fcm,Sat Dec 23 08:39:51 +0000 2017,-0.6908,0.0,0.388,0.612
@nytimes,Oxford Dictionaries‚Äô Word of the Year drew some bafflement and derision. We asked readers to do better. https://t.co/F3M3bPj3c2,Sat Dec 23 08:33:21 +0000 2017,0.1779,0.137,0.104,0.758
@nytimes,Researchers warn that a fungal disease could decimate snakes worldwide https://t.co/bh8mszjbsi,Sat Dec 23 08:15:44 +0000 2017,-0.1027,0.0,0.135,0.865
@nytimes,Playlist: The Playlist: Cardi B Isn‚Äôt Going Anywhere and 9 More New Songs https://t.co/ey3AyJ5gOg,Sat Dec 23 07:58:11 +0000 2017,0.0,0.0,0.0,1.0
@nytimes,The best pop and jazz albums of 2017 https://t.co/Rn6e4Ntfrv,Sat Dec 23 07:44:44 +0000 2017,0.6369,0.344,0.0,0.656
@nytimes,The best movies of 2017 https://t.co/uTkqovM0Sf,Sat Dec 23 07:27:19 +0000 2017,0.6369,0.457,0.0,0.543
@nytimes,"With ‚ÄúGet Out,‚Äù @JordanPeele made a nightmare about white evil that doubles as a fairy tale about black unity‚Ä¶ https://t.co/0R3JCcIcwE",Sat Dec 23 07:09:46 +0000 2017,-0.6597,0.0,0.206,0.794
@nytimes,Will the new tax plan affect your 2017 taxes? Just a small number of taxpayers will have to do some things differen‚Ä¶ https://t.co/k0IxWEOfbR,Sat Dec 23 06:55:12 +0000 2017,0.0772,0.058,0.0,0.942
@nytimes,"He's 83. She's 80. They were traveling with 60 pounds of marijuana, which they said was intended for Christmas gift‚Ä¶ https://t.co/bgvC9IXKtm",Sat Dec 23 06:36:57 +0000 2017,0.0,0.0,0.0,1.0
@nytimes,"Watch the regulars of Brooklyn Skate Club: ‚ÄúIf you fall, people are there to help you. There‚Äôs no hate here.‚Äù‚Ä¶ https://t.co/fwHNocc9J0",Sat Dec 23 06:18:56 +0000 2017,-0.4939,0.102,0.222,0.677
@nytimes,Monkey bread is perfect for a family or holiday brunch: It keeps people together at the table.‚Ä¶ https://t.co/FZhZn6BER0,Sat Dec 23 06:01:06 +0000 2017,0.7506,0.299,0.0,0.701
@nytimes,"The best exercise for aging muscles https://t.co/KYTcS22nsZ

This was one of our most-read articles this year.",Sat Dec 23 05:43:03 +0000 2017,0.6369,0.219,0.0,0.781
@nytimes,"Opinion: ""It‚Äôs simply wrong to think that red-state voters won‚Äôt back protections for victims of domestic violence"" https://t.co/4zJmMT9wm2",Sat Dec 23 05:25:03 +0000 2017,-0.8591,0.0,0.388,0.612
