user,text,compound analysis,positive analysis,negative analysis,neutral analysis
@CNN,"A top White House economist predicts Sen. Marco Rubio will ultimately be a ""yes"" on the GOP tax bill despite his th‚Ä¶ https://t.co/JbHcmcZd6S",0.2023,0.083,0,0.917
@CNN,"RT @OutFrontCNN: ""He's trying one last time, I respect that. But...I don't think anyone thinks that Rubio is going to hold up this bill."" -‚Ä¶",0.4767,0.119,0,0.881
@CNN,Republican Sen. Marco Rubio says he will not support the latest version of the GOP tax bill if the legislation does‚Ä¶ https://t.co/bwHgKGKZVw,-0.3089,0,0.097,0.903
@CNN,President Trump speaks at the White House as the GOP's tax bill nears final vote. Watch CNN: https://t.co/UYpqI3w42L https://t.co/OcwOF0aPUu,0,0,0,1
@CNN,'The Simpsons' predicted Disney would buy Fox in an episode that aired way back in 1998 https://t.co/VbVDHI0tQq https://t.co/nlZkBfnhbd,0,0,0,1
@CNN,"The majority of weapons used by ISIS since 2014 originated in China, Russia and Eastern Europe, according to a new‚Ä¶ https://t.co/mBNhlc9Eb2",-0.4404,0,0.132,0.868
@CNN,"The world really, really loves British television https://t.co/hsS046ToMV https://t.co/UWQztQ2GlT",0.6453,0.348,0,0.652
@CNN,Climate change is partly to blame for the record rainfall that fell over Texas and Louisiana in the days after Hurr‚Ä¶ https://t.co/Ky9H8s9olQ,-0.2782,0,0.092,0.908
@CNN,How US and Asian democracies can counter China | @marcorubio writes for @CNNOpinion  https://t.co/VJuOSVUAoY https://t.co/4D4ZDAcdap,0,0,0,1
@CNN,"RT @CNNSitRoom: Joe Manchin on Robert Mueller: ‚ÄúI would hope to think he‚Äôs safe, if not, then pardon the expression, all hell would break l‚Ä¶",-0.193,0.174,0.197,0.629
@CNN,"Former House Speaker Dennis Hastert can't be alone with children, a judge has ruled in a hush money case related to‚Ä¶ https://t.co/AO7uzQ7GM1",0.1877,0.084,0,0.916
@CNN,President Trump is speaking from the White House. Watch CNN: https://t.co/UYpqI3w42L https://t.co/GUzMovQfRW,0,0,0,1
@CNN,"Charles Barkley on Doug Jones' victory in Alabama: This is ""a wake-up call for Democrats... ""It's time for them to‚Ä¶ https://t.co/d22PRHyX4q",0,0,0,1
@CNN,"Who is Doug Jones, the Democrat who just won in Alabama? https://t.co/wIPRVoDNbA https://t.co/QWpoes9dcs",0.5719,0.236,0,0.764
@CNN,"Chris Froome, the world's most dominant cyclist in recent years, failed a drug test in one of cycling's most presti‚Ä¶ https://t.co/J5W1s555IO",-0.5106,0,0.148,0.852
@CNN,"In a shocking upset Tuesday night, Democrat Doug Jones was projected to become the US senator-elect for the state o‚Ä¶ https://t.co/I45kk6iyvm",-0.6486,0,0.227,0.773
@CNN,Former NBA player and Alabama native Charles Barkley says Doug Jones‚Äô victory is a referendum on the state: ‚ÄúWe rea‚Ä¶ https://t.co/b98ksNxSlF,0,0,0,1
@CNN,59% of the votes are counted in the Alabama Senate race. Follow along for updated results https://t.co/SpT3AX3wQ9 https://t.co/8NfxKCw81V,0,0,0,1
@CNN,"Polls are now closed in Alabama, where voters are electing a new US senator. Follow along for live updates‚Ä¶ https://t.co/nR0Jxp2pds",0,0,0,1
@CNN,5 things to watch in Alabama's special election https://t.co/5zFqnkOo8Z https://t.co/Nd88Ll0vaT,0.4019,0.252,0,0.748
@CNN,The number two House Democrat called for an ethics investigation into a Nevada Democrat accused of sexual harassmen‚Ä¶ https://t.co/gJJ1FiYEKr,-0.2263,0.067,0.113,0.821
@CNN,"The NFL Network and ESPN have suspended five former football players, including Hall of Famer Marshall Faulk, due t‚Ä¶ https://t.co/kvEQwxhEml",-0.4767,0,0.14,0.86
@CNN,Jimmy Kimmel brings out his young son Billy to talk about health care https://t.co/lfk7OtIYZA https://t.co/vnO4O36iBu,0.4939,0.186,0,0.814
@CNN,"He may no longer be in office, but former President Obama is still encouraging people to sign up for Obamacare as a‚Ä¶ https://t.co/x5AOz9VP6j",0.6124,0.169,0.059,0.772
@CNN,"Amnesty International says that European governments are complicit in torture, due to their support of efforts to c‚Ä¶ https://t.co/mbAw0TGFak",-0.296,0.114,0.165,0.72
@CNN,Former NBA-player Charles Barkley: I feel 'nervous' about Alabama special election https://t.co/YDeFWawB4A https://t.co/2LSnpiyYnp,0.4019,0.197,0,0.803
@CNN,"A plane helps fight the Thomas Fire in Toro Canyon, California. Among the CalFire air fleet are helicopters and air‚Ä¶ https://t.co/H6ne2CJhwC",-0.34,0.106,0.203,0.691
@CNN,"""This is serious sexual harassment and misconduct, and he should be held just as accountable as a member of the Sen‚Ä¶ https://t.co/R66FklItOU",-0.5859,0,0.202,0.798
@CNN,"Nearly one child dies every month and about about two are injured every day in window blind-related incidents, acco‚Ä¶ https://t.co/02icfpVMWL",-0.4019,0,0.124,0.876
@CNN,The world's greenest cruise ship will have sails https://t.co/7DctUsBbVP https://t.co/eM1p8YL9UY,0,0,0,1
@CNN,"RT @CNNPolitics: Sanders on the Middle East: ‚ÄúWe are continuing to urge calm, and we‚Äôre open and willing and want to continue meeting and d‚Ä¶",0.3818,0.135,0,0.865
@CNN,"Wild parrots were shipped to New York in the 1960s destined for pet stores, but many of them escaped and still live‚Ä¶ https://t.co/rfzGXjoL5N",0,0,0,1
@CNN,"NYPD: The suspect is a 27-year-old male who strapped an ""improvised low-tech explosive device"" to his body. He suff‚Ä¶ https://t.co/VfjILjiYQ0",-0.296,0,0.109,0.891
@CNN,"5 things for Monday:

- Nobel Peace Prize
- Alabama Senate race
- California wildfires
- Jerusalem
- Iraq and ISIS‚Ä¶ https://t.co/PyO0f3BeHu",0.7783,0.327,0,0.673
@CNN,Rep. Adam Schiff on Russian outreach to Hope Hicks: ‚ÄúIt‚Äôs not at all a surprise that they would make outreach to pe‚Ä¶ https://t.co/md0u6S3XIc,0.647,0.264,0.067,0.669
@CNN,"Vice President Mike Pence and Palestinian Authority President Mahmoud Abbas won't meet, vice president's office con‚Ä¶ https://t.co/cLSgK4pnev",0.0772,0.075,0,0.925
@CNN,3-D printing braces up sea turtle with gap in its shell https://t.co/mhGanIyPvv https://t.co/sfqprWjpiv,0,0,0,1
@CNN,"""We should all be willing to listen to"" women who speak up about inappropriate sexual behavior, including President‚Ä¶ https://t.co/BtPynSIb5U",0,0,0,1
@CNN,"Here's your ski resort guide to St. Moritz, Switzerland https://t.co/9NcNA31QQ1 https://t.co/57kMyQRIOa",0,0,0,1
@CNN,"An Iranian-Turkish gold trader admitted in a US court that he made ""maybe $150 million"" by helping Iran dodge inter‚Ä¶ https://t.co/yg1Kck4Zxt",0.3818,0.167,0,0.833
@CNN,"The critically acclaimed drama ""Big Little Lies"" is officially coming back for another season‚Ä¶ https://t.co/WmE6oKMtVQ",-0.3626,0,0.152,0.848
@CNN,"From movie star to entrepreneur ‚Äì Jessica Alba tells @PoppyHarlowCNN that she ""was always very uncomfortable with t‚Ä¶ https://t.co/JPAuZnk1uB",-0.4391,0,0.145,0.855
@CNN,President Trump's 41 most eye-popping lines from his speech at a Roy Moore rally in Florida https://t.co/PDADngkh62‚Ä¶ https://t.co/WLN8QKy08I,0,0,0,1
@CNN,The most popular GIF of 2017 actually perfectly sums up 2017 https://t.co/ngtOKjn7VU https://t.co/2gygUJbqer,0.807,0.399,0,0.601
@CNN,"A new survey shows that 42% of parents would consider sending their kids abroad for college, up from 35% in 2016‚Ä¶ https://t.co/p8NAF2slMw",0,0,0,1
@CNN,A Democratic senator is calling for the investigation into Interior Secretary Ryan Zinke's travel to include his us‚Ä¶ https://t.co/G2T9SapoTh,0,0,0,1
@CNN,"Speaking at a Florida rally, President Trump promises ""borders on top of borders"" https://t.co/CyduaIUuSV https://t.co/BQrIqMDQRg",0.5267,0.268,0,0.732
@CNN,The doors are jammed. A baton bounces off the windows. The fire extinguisher empties -- with no effect. But these o‚Ä¶ https://t.co/BZQPHb7Ats,-0.6486,0,0.259,0.741
@CNN,Republican Sen. Susan Collins says she's considering changing her tax plan vote if her proposed amendments don't ma‚Ä¶ https://t.co/ug6cOKBbI4,0,0,0,1
@CNN,"""He didn‚Äôt take any initiative on his own without campaign approval"" and was ""everything but a coffee boy,"" George‚Ä¶ https://t.co/vm1B7BwEw4",-0.1967,0,0.09,0.91
@CNN,"Flu season is gaining speed in the United States, especially in the South, after getting off to a slow start‚Ä¶ https://t.co/XOdVq6ORpQ",0.4588,0.222,0.103,0.675
@CNN,7 images that show why the Southern California wildfires are so dangerous https://t.co/8MXCJXoSke https://t.co/WdOuajrbIc,-0.6113,0,0.25,0.75
@CNN,"To combat drug use, this gas station is installing blue lighting that makes it difficult for addicts to see their v‚Ä¶ https://t.co/dBtNtlwQrb",-0.5994,0,0.197,0.803
@CNN,"Disillusioned and disappointed Palestinians took to the streets in the West Bank, Gaza and Jerusalem following US P‚Ä¶ https://t.co/OZVp9B61zL",-0.7184,0,0.261,0.739
@CNN,"Corey Lewandowski: Yes, I steamed Trump's pants while he was still wearing them https://t.co/f8PeiVKmmn https://t.co/eoMn7dZgFj",0.4019,0.172,0,0.828
@CNN,GOP Rep. Mia Love of Utah said Rep. Blake Farenthold of Texas should resign in light of allegations he sexually har‚Ä¶ https://t.co/6BPVpq3hYu,0.1531,0.151,0.165,0.683
@CNN,Rep. Joaquin Castro on the Russia investigation: ‚ÄúI think that there are going to be some things that come out that‚Ä¶ https://t.co/M134a2Gi9x,0,0,0,1
@CNN,Does your workout take you by traffic-laden roads? Walking along polluted streets may reduce health benefits for ol‚Ä¶ https://t.co/97KsKuzWrs,-0.1027,0.115,0.133,0.752
@CNN,A gay man who was twice denied a marriage license by Kim Davis is now running against her for a county clerk positi‚Ä¶ https://t.co/AWXCQoCn9d,-0.4404,0,0.127,0.873
@CNN,"RT @CNNnewsroom: Democratic Rep. Cheri Bustos says she wants to hear ""accountability"" in Al Franken's upcoming speech, says Congress ""shoul‚Ä¶",0,0,0,1
@CNN,The Trump administration and State Department continue to grapple with vacancies across its senior ranks. Dozens of‚Ä¶ https://t.co/Q6Fk80LxUZ,0,0,0,1
@CNN,This California utility has lost more than $3.3 billion in market value since fires began Monday night‚Ä¶ https://t.co/NRyVu5GVpK,0.0258,0.116,0.111,0.773
@CNN,YouTube's top viral video in 2017 was a singing man in an oyster costume. And who could forget the time this profes‚Ä¶ https://t.co/WIX61PrnJh,-0.0258,0.076,0.08,0.844
@CNN,The Trump administration is proposing a rule change that could force some workers to share their tips‚Ä¶ https://t.co/0VTGlCOTM2,0.296,0.121,0,0.879
@CNN,Watch puppies learn how to be avalanche rescue dogs. These canines can cut rescue times down from hours to minutes‚Ä¶ https://t.co/raG5mIqQRE,0.6705,0.247,0.079,0.674
@CNN,This California utility has lost more than $3.3 billion in market value since fires began Monday night‚Ä¶ https://t.co/CCTRSDhbmp,0.0258,0.116,0.111,0.773
@CNN,"Chipotle is literally giving away queso. The catch? It's on December 12, and you'll have to wear a ""cheesy"" sweater‚Ä¶ https://t.co/2A29xSiXWK",0.34,0.112,0,0.888
@CNN,"Donald Trump Jr. says he communicated with White House aide Hope Hicks, not President Trump, on responding to repor‚Ä¶ https://t.co/JMCvrPWIrO",0.4404,0.132,0,0.868
@CNN,"For Palestinians, President Trump's Jerusalem move is the end of the peace process | Analysis by @TimListerCNN‚Ä¶ https://t.co/RllfNXROlU",0.5423,0.179,0,0.821
@CNN,This is why declaring Jerusalem as the capital of Israel is so controversial https://t.co/cXUzJx9pQA https://t.co/NBMAL4QtjO,-0.3327,0,0.145,0.855
@CNN,Hyperloop One co-founder takes leave to pursue a defamation lawsuit https://t.co/wyJ8plZko9 https://t.co/VyPtZsnaAp,-0.2732,0,0.256,0.744
@CNN,"A homeless man saved two children from their burning home after hearing cries for help, officials say‚Ä¶ https://t.co/HjRXANVnTT",0.4215,0.248,0.122,0.631
@CNN,"As fast-moving wildfires consumed houses in California, four friends grabbed garden hoses and got to work‚Ä¶ https://t.co/9gCrRmqydv",0.4767,0.162,0,0.838
@CNN,The House will vote Wednesday on a bill that would let gun owners with concealed-carry permits travel to other stat‚Ä¶ https://t.co/3PPstBRrZB,-0.34,0,0.112,0.888
@CNN,"RT @AC360: .@maggieNYT: President Trump is ""keeping up a veneer of calm"" in the face of an intensifying Mueller probe https://t.co/1FeLfX3j‚Ä¶",0.3182,0.108,0,0.892
@CNN,RT @CNNSitRoom: CIA Director Mike Pompeo insists President Donald Trump's prolific Twitter feed yields valuable intelligence. https://t.co/‚Ä¶,0.7351,0.292,0,0.708
@CNN,"RT @CNNPolitics: Asked if the White House believes there is bias in the special counsel‚Äôs office, Sanders says some reports ‚Äúcertainly caus‚Ä¶",0.3182,0.112,0.058,0.83
@CNN,Why declaring Jerusalem as the capital of Israel is so controversial https://t.co/jFDGaHpdMC https://t.co/Jk12Vxo37f,-0.3327,0,0.165,0.835
@CNN,JUST IN: Rep. John Conyers announced he will retire effective today following sexual harassment allegations against‚Ä¶ https://t.co/xi5Xbjbecd,-0.1027,0.144,0.162,0.694
@CNN,Pizza Hut is testing beer and wine delivery https://t.co/tCs4EZE2Dh https://t.co/Wc3z3fKBPe,0,0,0,1
@CNN,"Starbucks is going venti in China with its new 30,000-square-foot store in Shanghai https://t.co/7OWo7qOcPl https://t.co/2XedlPOMyn",0,0,0,1
@CNN,"Worried China's foul restrooms have a bad reputation with tourists, President Xi Jinping has promised a ""toilet rev‚Ä¶ https://t.co/Y9ucTpZ2vw",-0.4939,0.113,0.257,0.631
@CNN,"These pizzas are literally out of this world
https://t.co/i7kEV48XFi https://t.co/fB5eVteZbD",0,0,0,1
@CNN,Instagram is adding content warnings for koala selfies https://t.co/4xczDhuOCV https://t.co/lCY9gYtejL,-0.296,0,0.196,0.804
@CNN,The Philippines has suspended its large-scale dengue vaccination effort after learning that Dengvaxia could make so‚Ä¶ https://t.co/A8AIo4a7y5,-0.4767,0,0.162,0.838
@CNN,"A homeless man saved two children from their burning home after hearing cries for help, officials say‚Ä¶ https://t.co/LzJKrZ8cHU",0.4215,0.248,0.122,0.631
@CNN,"RT @CNNPolitics: President Trump calls Sen. Orrin Hatch ""a true fighter,‚Äù before offering a nudge for 2018: ""We hope you will continue to s‚Ä¶",0.6908,0.213,0,0.787
@CNN,How an allergic reaction to baby detergent sparked @JessicaAlba to create @Honest | #BossFiles with @PoppyHarlowCNN‚Ä¶ https://t.co/X1z8qGPByM,-0.0258,0.115,0.12,0.765
@CNN,"Today, President Trump will announce the fate of national monuments in Utah. For some, it could offer hope and new‚Ä¶ https://t.co/CRZvLfIxiH",0.4404,0.127,0,0.873
@CNN,Complications emerged in a Kentucky couple's pregnancy as a new law banned abortions at 20 weeks. They had to decid‚Ä¶ https://t.co/IYu5jRZ9ti,-0.4588,0,0.143,0.857
@CNN,These artists are preserving Hong Kong‚Äôs history with miniature models https://t.co/o6AQJqltRK (via @CNNStyle) https://t.co/UBwbju3sRZ,0,0,0,1
@CNN,The Senate tax bill would allow oil drilling in Alaskan wilderness https://t.co/Z92qe54q7j https://t.co/eeMduKHsfC,0.2263,0.137,0,0.863
@CNN,Death toll spikes nearly two months after Somalia truck bombings https://t.co/dsK2BieDpR https://t.co/0oGdzNmqfx,-0.5994,0,0.262,0.738
@CNN,"Founder of Neo-Nazi site says 'troll storm' is protected speech, wants lawsuit dismissed https://t.co/yi2hRVHAoO https://t.co/0ITlTIVsey",0.25,0.163,0.107,0.73
@CNN,"Sen. Mark Warner reacts to GOP tax reform: ""Friday was my single worst day as a US senator.... This was Swamp 101""‚Ä¶ https://t.co/HtdCdvG2MH",-0.6249,0,0.163,0.837
@CNN,Here's what we've learned in court and from filings about the Michael Flynn case https://t.co/ZYEOxtk7nR https://t.co/icZepF8BeY,0,0,0,1
@CNN,"Florida teen found safe in New York with 27-year-old soccer coach, sheriff says https://t.co/tjC3Mm86DL https://t.co/vgDvAMRJuO",0.4404,0.172,0,0.828
@CNN,Elon Musk plans to send his Tesla Roadster to Mars on a giant rocket https://t.co/BjKhRKh4t3 https://t.co/VBFZxhIRCH,0,0,0,1
@CNN,Golf writer Michael Corcoran says then-citizen Donald Trump made a 'p-word' comment in 2000 https://t.co/9piT65pziY https://t.co/hR3WkX4oFr,0,0,0,1
@CNN,"After a fatal police shooting, this mom is haunted by shocking incisions all over her son's body #BeneathTheSkin‚Ä¶ https://t.co/KqNBJvffuK",-0.8519,0,0.383,0.617
@BBC,"If you put all the man hours together, it would be 75 years of someone's life to do all the visual effects on Paddi‚Ä¶ https://t.co/qXDiEDggSw",0,0,0,1
@BBC,"The extent with which we use our unconscious mind is enormous ‚Äì and the more we use it, the better we perform many‚Ä¶ https://t.co/HYw72pkMD4",0.4404,0.116,0,0.884
@BBC,"This woman is showing people how to turn their food pics into #FoodPorn. üç©ü§§
Via BBC Minute. https://t.co/sScwTTcPuB",0,0,0,1
@BBC,RT @TWBBC: If you're in Glasgow Wednesday night expand your mind with the Tomorrow's World Live show at the Science Centre - all about brai‚Ä¶,0.3182,0.091,0,0.909
@BBC,"RT @BBCR1: ‚ö°Ô∏è @EdSheeran just took on a HUGE Christmas song in the Live Lounge üéÑ‚ú®

https://t.co/Nu8EtGE2Go",0.4648,0.168,0,0.832
@BBC,"The Scottish Crossbill, one of the country's most unique birds, is at threat of extinction. üê¶üíî
Via @BBCScotland. https://t.co/w5UHkB5y6i",-0.5267,0,0.159,0.841
@BBC,"RT @bbcmusic: Watch an exclusive performance of @U2's classic 'All I Want Is You' now on @BBCiPlayer
U2 At The BBC: coming to @BBCOne 19/12‚Ä¶",0.2023,0.113,0,0.887
@BBC,How do you re-create Buckingham Palace? @BBCClick sat down with #TheCrown's visual effects supervisor to find out.‚Ä¶ https://t.co/LukVoPSKHm,0,0,0,1
@BBC,"'Good luck, little leatherback' - Sir David Attenborough üê¢

#BluePlanet2 | 8PM | @BBCOne https://t.co/vMliWBZFBE",0.7096,0.396,0,0.604
@BBC,"How do you make puppets fall in love? ‚ù§Ô∏èÔ∏èüéé
Puppeteers reveal their techniques. https://t.co/GPNqLrFZit https://t.co/HfB09Yw8ek",0.6369,0.231,0,0.769
@BBC,"RT @BBCEarth: In Cape Verde, @ProjetoBioSal is on a mission to save baby turtles from human impact. üê¢
#OurBluePlanet w/ @AluciaProd https:/‚Ä¶",0.4939,0.144,0,0.856
@BBC,"RT @BBCr4today: If you do one thing today...

Listen to Gaelynn Lea play the violin #r4today https://t.co/nXixd8e8rO",0.34,0.13,0,0.87
@BBC,Stewards working at Prince Harry &amp; Meghan Markle's Royal Wedding have been told to watch Suits before the big day.‚Ä¶ https://t.co/ErN62dBvF6,0,0,0,1
@BBC,"üéÑüçø A snack to bring a little joy to your world this Christmas. 
Via @BBCFood. https://t.co/YM6ALRCeYQ",0.5434,0.212,0,0.788
@BBC,"RT @bbcmusic: üí´@Harry_Styles is nominated for BBC Music Artist Of The Year, and we're STILL obsessed with this performance of 'Sign Of The‚Ä¶",-0.1779,0,0.072,0.928
@BBC,"The poignant moment police officers promise to uphold the law. üëÆ
#TheForce via @BBCScotland.
Watch on @BBCiPlayer üëâ‚Ä¶ https://t.co/una6xGmRHY",0.3182,0.119,0,0.881
@BBC,"Tonight, @DrSamWillis gets to grips with Viking boat technology and rides an Iron Age chariot. Invasion! with Sam W‚Ä¶ https://t.co/4a7qYwlUC4",0,0,0,1
@BBC,How you can help a friend who is struggling with depression üíõ https://t.co/g12Wf5PCFK https://t.co/2LyBie5nGE,-0.1531,0.289,0.319,0.392
@BBC,"Your smartphone could play a vital role in stopping disease epidemics. üì±ü§ß
Via @TWBBC. https://t.co/wuwmB0jWty",0.4588,0.267,0.093,0.64
@BBC,"Christmas plans = sorted. #Sherlock, #PeakyBlinders, #HappyValley and more boxsets are coming to @BBCiPlayer! üéÑ üì∫ üòç‚Ä¶ https://t.co/0n83tZLoMx",0,0,0,1
@BBC,It's cold out there! Why not warm up with one of these hearty hotpots for dinner? ü•ò https://t.co/K6TbxWxZ7O https://t.co/ipPd81IwLi,-0.2401,0,0.103,0.897
@BBC,üìª üí¨ Why apologising and saying 'just' might actually be a good idea. https://t.co/O7udV2QymZ https://t.co/AFyjl514cA,0.4767,0.291,0,0.709
@BBC,"It's #WorldCupDraw day! üôå

Whichever country you land on will be your second team at the #WorldCup (unless they‚Äôre‚Ä¶ https://t.co/Kns3zUZ2KG",0,0,0,1
@BBC,üéû‚ù§Ô∏èÔ∏è Debbie Reynolds and Carrie Fisher - Hollywood's greatest couple. https://t.co/D2I3S0LAZt https://t.co/gJcLDusupa,0.6369,0.296,0,0.704
@BBC,"RT @BBC_Teach: üö®1 hour to go till our Pablo #BBCLiveLessons with @CBeebiesHQüö®

Have you got an art-related question for Pablo's art directo‚Ä¶",0,0,0,1
@BBC,"üì∫üéÑüéÅ Call The Midwife, Mary Berry's Christmas Party, Doctor Who, 300 Years of French &amp; Saunders and more! Coming to‚Ä¶ https://t.co/nz2i4YfhR7",0.4574,0.13,0,0.87
@BBC,Ever wondered how a smartphone is put together? üì± Via @BBCClick https://t.co/APUJaqh7aO,0,0,0,1
@BBC,"Prince Harry and Meghan Markle will marry at St George's Chapel, Windsor Castle next May. ‚ù§Ô∏èÔ∏èüíç‚Ä¶ https://t.co/qcRVNIF4Fi",0,0,0,1
@BBC,RT @BBCWthrWatchers: Happy Tuesday!üòä https://t.co/oPgNkuTPpv,0.6114,0.499,0,0.501
@BBC,Would you know what to do in a medical emergency? üöë ü§ï üö® Here are 7 simple first aid techniques that can help save l‚Ä¶ https://t.co/VOhpQtodKg,0.5106,0.223,0.098,0.679
@BBC,RT @BBCWthrWatchers: We've had a flurry of stunning #snow pics recently. Here are some of our favourites https://t.co/X6WsovaMqE https://t.‚Ä¶,0.3818,0.133,0,0.867
@BBC,"Tonight, a team of scientists begin an expedition to Nyiragongo, one of the world's most dangerous volcanoes.‚Ä¶ https://t.co/cP6Oo6ukqz",-0.5256,0,0.175,0.825
@BBC,üé¨ Are Prince William &amp; Harry in the new Star Wars film? They wouldn't be the first royals to appear in the franchis‚Ä¶ https://t.co/AYdWUD6ruB,-0.5574,0,0.141,0.859
@BBC,RT @BBCiPlayer: **** GEO block to local people only **** https://t.co/urwlB4ribR,-0.4404,0,0.225,0.775
@BBC,RT @BBCSpringwatch: When you get a bit carried away with the #BlackFriday sales... https://t.co/u22SAXDRh6,0,0,0,1
@BBC,A South African court has more than doubled Oscar Pistorius's jail sentence for killing Reeva Steenkamp.‚Ä¶ https://t.co/NSxCMmLw17,-0.6249,0.066,0.223,0.711
@BBC,RT @bbcpress: üï∂ @jowhiley gets an Access All Areas pass from #DoctorWho this Christmas. Listen in on @BBCRadio2: https://t.co/qAVIXS5cK2 #D‚Ä¶,0,0,0,1
@BBC,üñºüí∞ Buying paintings to get rich is a fantasy akin to winning the lottery. https://t.co/czBoRPeu9z https://t.co/1R55GnOYmK,0.7906,0.35,0,0.65
@BBC,How much do you know about the UK‚Äôs favourite lunch? üòã https://t.co/IenNhFcqap https://t.co/ouoz5Ay0Hz,0,0,0,1
@BBC,"üç≤üòã It's warm, delicious &amp; it's vegan! This @Nigella_Lawson recipe is perfect for the cooling weather. Via @BBCFood.‚Ä¶ https://t.co/2YjbZWeEUa",0.8622,0.375,0,0.625
@BBC,RT @TWBBC: Check out these hipsters with their fancy phones for #archivecatwalk. A vision of #mytomorrow. (thanks to @BBCarchive) https://t‚Ä¶,0.25,0.1,0,0.9
@BBC,Will people just do whatever they‚Äôre told if the order comes from a supposed authority figure?‚Ä¶ https://t.co/mHe4jh71yT,0.0772,0.08,0,0.92
@BBC,RT @bbcworldservice: Meet the 18-year-old risking his life busking in Baghdad. https://t.co/yoLfsRqiGY,-0.3182,0,0.173,0.827
@BBC,"A wee bit of #ASMR (if that's what you're into üòè).
Via @BBCTheSocial. https://t.co/fqP5S0a5R4",0,0,0,1
@BBC,"When Tantor the elephant cracked his tusk, it took 30 people to give him root canal surgery. üêò Via @BBC5Live. https://t.co/R0236y3kcg",0,0,0,1
@BBC,England‚Äôs 500-year-old angel roofs are a medieval marvel few people know. üëº‚õ™Ô∏è https://t.co/2wPv0qjdRp https://t.co/sw5UaZLgbC,0.4215,0.189,0,0.811
@BBC,"RT @BBCCiN: This is Noah &amp; Gracies' story told by @SamSmithWorld

It's upsetting but very important

Please give at https://t.co/HkSxqBgXP4‚Ä¶",0.6068,0.24,0.082,0.678
@BBC,Watch @NiallOfficial surprise these young carers with a performance they'll never forget. ‚ù§Ô∏è #ChildrenInNeed #CiN https://t.co/VvbuaYoI9K,0.4149,0.225,0,0.775
@BBC,As many as 1 in 10 dads experience postnatal depression and it's time we start talking about it. Via @BBCStories. https://t.co/LUAu26TW1h,-0.5719,0,0.163,0.837
@BBC,"Follow registrar Kate Dickenson as she juggles her personal life with the daily dramas of births, marriages and dea‚Ä¶ https://t.co/z5XV9blFlJ",0,0,0,1
@BBC,"RT @BBCBreakfast: Survivors of the Grenfell Tower disaster are given some special time away .
@CornwallHugs is a campaign to fund holidays‚Ä¶",-0.34,0.109,0.165,0.726
@BBC,RT @bbcwritersroom: Check out a new interview with @wiggywalsh on creating and writing #Motherland for @BBCTwo with @SharonHorgan @hellycak‚Ä¶,0.296,0.115,0,0.885
@BBC,"üé∏ From Rick Nielsen's five-necked guitar to Bo Diddley's Twang Machine, here are 8 of the craziest custom guitars i‚Ä¶ https://t.co/xyNaPdMDf3",-0.0516,0,0.062,0.938
@BBC,New Zealanders are complaining about being left off maps. üåéüìå Via @BBCTrending. https://t.co/2sHfQw1JJM,-0.2023,0,0.13,0.87
@BBC,The Church of England has issued transphobic bullying guidance which says children should be free to wear a tiara o‚Ä¶ https://t.co/RlVbvED5NS,-0.1531,0.131,0.155,0.714
@BBC,'The whole thing was basically an extravagant quarter-life crisis.'  Author and screenwriter @Sathnam Sanghera on T‚Ä¶ https://t.co/Wr3MkfCrVW,0,0,0,1
@BBC,"Speak to us in Dothraki, Jason Mamoa. üòç Via @BBCOne. https://t.co/YjJEARLTCi",0,0,0,1
@BBC,How to find out what your family did in WW1. https://t.co/PeoJQ0C79F https://t.co/RywkNsdyKn,0,0,0,1
@BBC,RT @BBCTwo: Missed our Facebook Lives with the cast of #PeakyBlinders? Here's some of the best bits from the day... üòéüê∂ https://t.co/NaIgBJT‚Ä¶,0.4588,0.159,0.083,0.758
@BBC,"This picture has gone viral, but it's not what you think it is. üòÇ https://t.co/Fi1JJRFYhK https://t.co/XG28dYDgwp",0,0,0,1
@BBC,"üéµ ""Michelle Pfeiffer, that white gold..."" üéµ

How Michelle Pfeiffer feels about being in the lyrics of @BrunoMars‚Äã'‚Ä¶ https://t.co/zyuEsDdUKT",0,0,0,1
@BBC,Johnny Depp's Captain Jack Sparrow prank did NOT go to plan. ‚ò† üòÇ Via @BBCOne. https://t.co/VXeakM2Be5,0,0,0,1
@BBC,RT @BBCFood: Mary Berry uses crab and cod to make her fishcakes. How do you make yours? ü¶Ä https://t.co/Rhh4k4hjGS https://t.co/iqkJmdhtat,0,0,0,1
@BBC,"RT @BBCWales: If you go down to Cardiff today
You'd bear-ly believe your eyes
If you go down to Cardiff today
Prepare for a big surprise
Fo‚Ä¶",0.2732,0.077,0,0.923
@BBC,üëïü§≥üìªüé∂ @BBC6Music's #TShirtDay is coming! Here's @BBClamacqshow's guide to band t-shirt etiquette.‚Ä¶ https://t.co/q3mecYhsWM,0,0,0,1
@BBC,The gender pay divide starts early &amp; in the home. Boys receive on average ¬£2.20 more pocket money a week than girls‚Ä¶ https://t.co/R79YBeMlST,-0.1027,0,0.062,0.938
@BBC,Artists are often praised for the way they sample tracks. But is sampling actually a form of musical theft? üé∂‚Ä¶ https://t.co/jNcgOIdLYd,0.4939,0.144,0,0.856
@BBC,"RT @BBCOne: Q: How many tickles does it take to make a squid laugh?
A: Ten tickles. 

#BluePlanet2 https://t.co/fhKPOUBp5U",0.5574,0.175,0,0.825
@BBC,üêô A group of octopuses were seen taking a leisurely stroll along a Ceredigion beach last Friday night. Via‚Ä¶ https://t.co/n3jq0oNT7J,0,0,0,1
@BBC,"Pro surfer, Heidar Logi braves Iceland's freezing conditions to surf under the Northern Lights. üåäüèÑ Via‚Ä¶ https://t.co/6cPd5lVami",0.3612,0.15,0.073,0.777
@BBC,"RT @CBeebiesHQ: Whatever the weather, keep your kids entertained this #autumn with these 5 ideas...

üçÅüçÇ https://t.co/wT8oVaVYqg üôå

@HEYDUGG‚Ä¶",0.4019,0.144,0,0.856
@BBC,"RT @bbcmusic: üôå @LiamPayne we are SO READY üòç
#SLFN https://t.co/GWU3xAKmpq",0.6439,0.347,0,0.653
@BBC,How the #BluePlanet2 team captured this incredible display on camera for the first time. üíô via @BBCEarth. https://t.co/22ObAUaZ0V,0,0,0,1
@BBC,"RT @BBCRadio2: They might not have healed the rift *just yet*, but Noel‚Äã has given @liamgallagher some stationery inspiration for tonight..‚Ä¶",0.6808,0.187,0,0.813
@BBC,"RT @BBCCiN: üìÄ We're delighted to announce @katiemelua is to release the official #CiN 2017 single, ‚ÄòFields of Gold‚Äô üôå

More ‚û°Ô∏è https://t.co‚Ä¶",0.5106,0.142,0,0.858
@BBC,"RT @bbccomedy: Oh, the joys of the morning school run...

#Motherland NEW SERIES - Starts 7th Nov, 10pm @BBCTwo https://t.co/usUguJagbS",0.4939,0.151,0,0.849
@BBC,'Decapitated man' #Halloween display in Tennessee sparks 911 calls. üö® https://t.co/d63qNSKWko https://t.co/cjxsmbqLA9,0,0,0,1
@BBC,"üé∂üëª From David Bowie to @PJHarveyUK, here are 13 spooky tunes to soundtrack your #Halloween. üëâ‚Ä¶ https://t.co/5XkVfFuVCD",0,0,0,1
@BBC,"Our hearts are racing, but we're also learning when we're scared. @ClaudiaHammond explains why some people like it.‚Ä¶ https://t.co/qVMWxtFyHB",-0.1531,0.135,0.16,0.705
@BBC,Rejection doesn't have to be brutal. Here are 5 expert-approved break-up texts to send instead of ghosting. üì±üëª‚Ä¶ https://t.co/2LACT8FAVi,-0.8225,0,0.322,0.678
@BBC,RT @BBCAfrica: Knitting 'knockers' for Kenyan breast cancer survivors https://t.co/QxrZ3ikN5W https://t.co/Bi2rzkF3Cy,-0.6597,0,0.306,0.694
@BBC,"'If people are short of pay, they basically can use us to get by.' ‚ù§Ô∏èÔ∏è Via @BBCTheSocial. https://t.co/QWdpNbacDB",-0.1027,0,0.076,0.924
@BBC,"In the last 70 years, the global population has tripled. With limited space &amp; resources, @StephenHawking believes w‚Ä¶ https://t.co/whLLCA6MoC",-0.2263,0,0.095,0.905
@BBC,"‚ÄòHe hugged me and he cried on my shoulder.‚Äô üíî
Clarke Carlisle on the bereaved stranger who saved him from killing h‚Ä¶ https://t.co/5fIvMCvlnA",-0.6808,0.169,0.31,0.521
@BBC,A woman who paid just ¬£46 for a flight to Crete has spoken of her amazement at being the only passenger on board. ‚úà‚Ä¶ https://t.co/MJvYr2BhO3,0.5423,0.137,0,0.863
@BBC,"RT @BBCTwo: The funniest, creepiest story you'll hear all week. üòÇ @wiggywalsh @SandiToksvig #QI https://t.co/RxNv6YLxC4",0.5574,0.217,0,0.783
@BBC,RT @bbcweather: Storms kill most of island's seal pups https://t.co/8sbnGWl8JK Jo https://t.co/bW1v0kOjDV,-0.6908,0,0.299,0.701
@BBC,'Grace Jones is an exceptional artist whose greatest creation may have been herself.' ~ @NileRodgers‚Ä¶ https://t.co/UM2JvkkzF1,0.8442,0.431,0,0.569
@BBC,RT @bbcapprentice: Siimon says... watch #TheApprentice Appraisal! ü§ñ https://t.co/biQlAvfrwa,0,0,0,1
@BBC,RT @bbcweather: Remember that the #clocksgoback this Sunday! Jo https://t.co/oaJgccJ2L3,0,0,0,1
@BBC,RT @BBCTheOneShow: Dominica was left destroyed&amp;lives claimed by #hurricanemaria @angellicabell has been to see how the UK have been helping‚Ä¶,0,0,0,1
@BBC,"RT @bbcmusic: ‚ù§Ô∏è Linkin Park fans will be able to watch the bands tribute concert for Chester Bennington worldwide on YouTube üíï
üëâhttps://t.‚Ä¶",0,0,0,1
@BBC,Ever heard of Alexander Baron or Mary Elizabeth Braddon? They‚Äôre just some of the authors we need to rediscover. üìñ‚Ä¶ https://t.co/ehJv5ueN2O,0,0,0,1
@BBC,Are you magic or a muggle? Test your Harry Potter knowledge with our tricky quiz: https://t.co/etsiBflMoA‚Ä¶ https://t.co/hQ3b3CuBpT,-0.1531,0,0.096,0.904
@BBC,üíî @BBCRadio2 to broadcast a two part world exclusive documentary featuring George Michael's last ever interview.‚Ä¶ https://t.co/GxAbrheokF,0.128,0.097,0,0.903
@BBC,How do you find hidden stories from Britain's black history? #BlackHistoryMonth https://t.co/5mEawMzuMg https://t.co/pM8qc9SkfA,0,0,0,1
@BBC,"RT @bbcstrictly: Craig falls off his chair (yes, really), pure frills from Ruth &amp; Anton, and Joe McFadden gets fierce! See our favourite #S‚Ä¶",0,0,0,1
@BBC,"üìªüöô New, car-friendly view of the @BBCiPlayerRadio app lets you download shows before setting off.‚Ä¶ https://t.co/0IKHs6OBXB",0,0,0,1
@BBC,"RT @bbcasiannetwork: üåüüö® You could be joining these guys for a top night of laughter! üö®üåü
Get you tickets here ‚û°Ô∏è‚û°Ô∏è  https://t.co/fLAC3ZPGwS‚Ä¶",0.6476,0.218,0,0.782
@BBC,RT @bbcthree: How to check your boobs. #wearitpink https://t.co/RHB788krgP,0,0,0,1
@FoxNews,".@dbongino : ""If there was a text message in 2008 right before the election between 2 senior @FBI agents investigat‚Ä¶ https://t.co/9X9WMNY50m",0,0,0,1
@FoxNews,"Former Clinton Strategist: Mueller, FBI Face 'Crisis in Public Confidence' https://t.co/4BKuNg0AfA",-0.2023,0.201,0.25,0.549
@FoxNews,"Comey edits revealed: Remarks on Clinton probe were watered down, documents show https://t.co/jpx1nMxGZ6",0,0,0,1
@FoxNews,.@POTUS cuts the red tape. https://t.co/GkoTCpEDAr,-0.296,0,0.306,0.694
@FoxNews,".@replouiegohmert: ""So many on the Special... Counsel's force aren't just biased - they're oozing hatred for Trump‚Ä¶ https://t.co/DGPqjlcalp",-0.5245,0.086,0.2,0.714
@FoxNews,".@KellyannePolls: ""It's not atypical for the party in power to have the generic ballot not go their way.""‚Ä¶ https://t.co/XfZNHdR4Pm",0.4019,0.13,0,0.87
@FoxNews,DHS Secretary: Still Need Congress to Approve Funds for New Border Wall Sections https://t.co/X5p5hju7PH,0,0,0,1
@FoxNews,BREAKING NEWS: Texas Congressman Blake @farenthold will not seek re-election amid sexual misconduct claims. https://t.co/Pqdo8804kT,0,0,0,1
@FoxNews,".@GovMikeHuckabee: ""[Rod Rosenstein] didn't really answer the questions."" https://t.co/InkK5oDvEh",0,0,0,1
@FoxNews,"In yesterday's speech pushing tax reform, @POTUS said the new tax guidelines favored the ""forgotten men and women o‚Ä¶ https://t.co/6x2vHHew2R",0.2263,0.123,0.084,0.793
@FoxNews,.@JaniceDean gives an update on the weather @FoxFriendsFirst https://t.co/MCEMB4jhxL,0,0,0,1
@FoxNews,"Teen found dead in dorm after complaining of headaches, vomiting https://t.co/wq0EqOKsMj",-0.7269,0,0.404,0.596
@FoxNews,"James Freeman on FBI agents sending anti-Trump text messages: ""These people kind of viewed their role as protecting‚Ä¶ https://t.co/jra9Q514f9",0.4019,0.13,0,0.87
@FoxNews,".@Jim_Jordan on Peter Strzok's text messages: ""This guy, who thought he was James Bond, this super agent guy at the‚Ä¶ https://t.co/oA90ofjZmI",0.6833,0.188,0,0.812
@FoxNews,"New York store owner, 80, shot and killed over 50 cents https://t.co/t8MTqk6cY1",-0.6705,0,0.29,0.71
@FoxNews,"Alabama's Doug Jones facing early pressure to vote with GOP, after upset victory https://t.co/OKY2tmPQz6",-0.5859,0,0.286,0.714
@FoxNews,SOON: @POTUS to give speech on taxes. https://t.co/GJnrSqyPHU,0,0,0,1
@FoxNews,"Mom accused of subjecting son to 323 hospital visits, 13 surgeries https://t.co/7TZCyPYCVA",-0.296,0,0.167,0.833
@FoxNews,"Kim Jong Un vows more 'quality' nuclear weapons, honors rocket scientists (via @byKatherineLam)  https://t.co/U6ZpfCECG0",0.0352,0.179,0.171,0.65
@FoxNews,Trump Signs $700B Defense Policy Bill https://t.co/03V6G5dYqX,0.128,0.2,0,0.8
@FoxNews,.@WWP gives Ohio families a Christmas to remember https://t.co/k2uiPXpUNF,0,0,0,1
@FoxNews,Bannon's 'kingmaker' status tarnished by Moore defeat https://t.co/O1fmKFmnSB via @LukasMikelionis,-0.4588,0,0.25,0.75
@FoxNews,Doug Jones: ‚ÄúI want to thank each of you for helping me fulfill a lifelong dream of serving in the United States Se‚Ä¶ https://t.co/3UVDlofAc5,0.8934,0.446,0,0.554
@FoxNews,JUST IN: Alabama Senate election: Too early to project winner as polls close in race between Roy Moore and Doug Jon‚Ä¶ https://t.co/KwGwkKrkMy,0.5859,0.153,0,0.847
@FoxNews,".@RepKevinBrady on tax reform bill: ""No one's pushed harder for growth, and getting America leapfrogging back to th‚Ä¶ https://t.co/E4yx59MYky",0.1027,0.119,0.101,0.78
@FoxNews,Port Authority bombing suspect's family face backlash after chastising authorities (via @byKatherineLam)  https://t.co/QzJw7AVvuR,-0.34,0.087,0.18,0.733
@FoxNews,Tragic skyscraper plunge: Daredevil climber was planning to propose to his girlfriend the next day https://t.co/gaTp2o81A6,-0.3612,0.081,0.162,0.757
@FoxNews,"Solar eclipse, crashing spacecraft, volcanoes and more: Biggest science stories of 2017 https://t.co/boEHWmcG3M",0,0,0,1
@FoxNews,OPINION: Senate tax bill could be a game changer for parents frustrated with the public school system (via‚Ä¶ https://t.co/XhwAo7jiTg,-0.5267,0,0.167,0.833
@FoxNews,"Chain migration allowed Port Authority terror suspect to enter US, authorities say https://t.co/ICCi3CpbGl https://t.co/2N6m52P3m1",-0.6486,0.073,0.313,0.615
@FoxNews,"Ramos on @POTUS vowing to end chain migration: ""What President #Trump is saying is that he wants to make America wh‚Ä¶ https://t.co/HONvbemiBD",0,0,0,1
@FoxNews,Google employee's half-naked body found floating in San Francisco Bay https://t.co/XJCP5bZ0IW,0,0,0,1
@FoxNews,"Port Authority explosion suspect: What we know about Akayed Ullah
https://t.co/FELXuKFVsh",-0.2263,0.104,0.176,0.72
@FoxNews,"NPR's Tom Ashbrook suspended amid 'creepy' misconduct allegations from men, women https://t.co/tkpcPkVMo4",-0.4767,0,0.22,0.78
@FoxNews,JUST IN: Democratic Senate candidate Doug Jones holds a 10-point lead over Republican Roy Moore among likely voters‚Ä¶ https://t.co/NTZ2eS3CeX,0,0,0,1
@FoxNews,PHOTO shows police responding to the scene after an explosion occurred near New York City's Port Authority bus term‚Ä¶ https://t.co/C013gfrOOG,0.0772,0.064,0,0.936
@FoxNews,".@MarshaBlackburn on the special counsel: ""It doesn't seem they're going where the facts lead them.... What appears‚Ä¶ https://t.co/efGMqeJHkT",0.4019,0.137,0,0.863
@FoxNews,".@GovMikeHuckabee: ""[@ChelseaHandler's] called a late night host. I think it's so late now that she's not on anymor‚Ä¶ https://t.co/lwIjU7oTgl",0,0,0,1
@FoxNews,".@GovMikeHuckabee: ""[@ChelseaHandler's] called a late night host. I think it's so late now that she's not on anymor‚Ä¶ https://t.co/j5CFbJGISJ",0,0,0,1
@FoxNews,"On ""Sunday Morning Futures,"" @RepPeteKing pushed back on those claiming @DonaldJTrumpJr engaged in collusion with R‚Ä¶ https://t.co/u6MpfSs3Lr",0.4019,0.144,0,0.856
@FoxNews,".@SteveHiltonx: ""Republicans are wrong to claim that their tax bill will raise incomes as well. They don't seem to‚Ä¶ https://t.co/CN9RDW4k0n",-0.25,0.091,0.134,0.776
@FoxNews,'Stain on America!' @realDonaldTrump denounces 'Fake News Media' after string of major reporting errors exposed https://t.co/lcX2qh2WuV,-0.8398,0,0.454,0.546
@FoxNews,"Presidents @BillClinton, George W. Bush, and @BarackObama all declared Jerusalem the capital of Israel. https://t.co/Ah7klpcFFy",0,0,0,1
@FoxNews,"On @ffweekend, @SheriffClarke slammed Rep. John Lewis for boycotting @POTUS's appearance at a Civil Rights museum i‚Ä¶ https://t.co/rzkhptkwKc",-0.4019,0,0.144,0.856
@FoxNews,".@PeterRoskam: ""We've got to figure out how to give more middle income tax relief."" https://t.co/0DKmHTLoHe",0,0,0,1
@FoxNews,"On ""FOX &amp; Friends Weekend,"" Deneen Borelli slammed the divisive politics of the left. https://t.co/uHWE6fZ3hk https://t.co/weoQ3smSch",0.4767,0.171,0,0.829
@FoxNews,".@GovMikeHuckabee: ""[The mainstream media is] delegitimizing the institution of journalism."" https://t.co/7XVBbEroqX",0,0,0,1
@FoxNews,".@PeterRoskam: ""We've got to figure out how to give more middle income tax relief."" #SundayFutures @MariaBartiromo https://t.co/c9dsWzjiAY",0,0,0,1
@FoxNews,RT @FoxNewsSunday: .@nikkihaley on addressing the #Jerusalem issue at the UN Security Council: I want the Security Council and all the inte‚Ä¶,0.6249,0.253,0,0.747
@FoxNews,".@David_Bossie: ""I want the media to do a good job... and so does the president. If they did a good job, he wouldn'‚Ä¶ https://t.co/e8LzaVWFgA",0.7269,0.272,0,0.728
@FoxNews,"On @ffweekend, Mike Eruzione, captain of the 1980 US Men's Olympic Hockey team, gave his take on whether athletes s‚Ä¶ https://t.co/clg71MyNyZ",0,0,0,1
@FoxNews,"On @ffweekend, @Varneyco praised @POTUS's handling of the economy. https://t.co/WsrMdioXee",0.4939,0.262,0,0.738
@FoxNews,".@TomiLahren: ""Listen to me loud and clear - We need to get over the notion that the worst thing that can happen to‚Ä¶ https://t.co/u7KDXuIiNg",-0.3612,0.094,0.148,0.758
@FoxNews,.@nedryun: Are Republicans plotting to sell-out small business? https://t.co/fafftkgsZF,0,0,0,1
@FoxNews,.@newtgingrich: Here's why America must be great https://t.co/h0dxAPEG7O,0.6249,0.369,0,0.631
@FoxNews,".@CLewandowski_: ""The Democratic party is so lost for ideas... They've lost all of middle America because they have‚Ä¶ https://t.co/EqBxEqBosJ",-0.3582,0.113,0.217,0.67
@FoxNews,".@DiamondandSilk: ""We don't trust the media. We know that they're trying to feed us a narrative... We don't need th‚Ä¶ https://t.co/PCyIZ3nkGW",-0.4023,0,0.125,0.875
@FoxNews,"In his speech at the opening of the Mississippi Civil Rights Museum, @POTUS called for ""a future of freedom, equali‚Ä¶ https://t.co/tr5nvcLvuB",0.6369,0.174,0,0.826
@FoxNews,".@Varneyco: ""1. We've got the best growth rate in a decade. 2. We have the lowest unemployment in 17 years. 3. Yest‚Ä¶ https://t.co/DwUZ4ytfTt",0.3182,0.224,0.182,0.594
@FoxNews,".@POTUS: ""We pay solemn tribute to our heroes of the past and dedicate ourselves to building a future of freedom, e‚Ä¶ https://t.co/bHXTxfoulo",0.7783,0.276,0.099,0.625
@FoxNews,".@TomiLahren: ""Listen to me loud and clear - We need to get over the notion that the worst thing that can happen to‚Ä¶ https://t.co/tVsECjwChG",-0.3612,0.094,0.148,0.758
@FoxNews,".@SheriffClarke: ""If it weren't for the Republicans in Congress in the 1960s, there would be no Civil Rights Act. T‚Ä¶ https://t.co/JII2LN0Dsn",-0.296,0,0.099,0.901
@FoxNews,"J. Christian Adams on the special counsel: ""Everybody seems to be biased on this investigation."" https://t.co/81vrozZiSp",0.1531,0.144,0.112,0.745
@FoxNews,"On @foxandfriends, @AlanDersh talked about his treatment by fellow liberals for daring to not toe the line on‚Ä¶ https://t.co/2Cv0qH31w3",0.3612,0.122,0,0.878
@FoxNews,".@POTUS: ""We're going to lift our people from welfare to work, from dependence to independence, and from poverty to‚Ä¶ https://t.co/uxTcoCsKbR",-0.5106,0,0.148,0.852
@FoxNews,".@POTUS: ""We are getting rid of the individual mandate where you pay a lot of money for the privilege of not [havin‚Ä¶ https://t.co/ia8F7cEDPp",0.2732,0.105,0.059,0.837
@FoxNews,"More Clinton ties on Mueller team: One deputy attended Clinton party, another rep'd top aide - via @brookefoxnews
https://t.co/gxxQcBLbAi",0.5423,0.22,0,0.78
@FoxNews,Earlier: Ceremonial swearing-in of Kirstjen Nielsen to be next Homeland Security Secretary. https://t.co/1rSKbhInr0,0.34,0.167,0,0.833
@FoxNews,"RT @FoxBusiness: Cohn: ""We really need to drive wages in this country. The president has committed to the public that he's going to work to‚Ä¶",0.2732,0.08,0,0.92
@FoxNews,".@AlanDersh: ""I call it the Donald Trump Diet. I've lost 7 pounds because my liberal friends have stopped inviting‚Ä¶ https://t.co/XHEW5cVEO2",-0.0258,0.133,0.18,0.687
@FoxNews,Florida nanny found dead in woods reportedly tortured before her murder https://t.co/MZP36XiCsr,-0.9274,0,0.583,0.417
@FoxNews,"Parting shot: Franken, in disgrace, quits with blast at Trump and Moore https://t.co/AV3F0aslmM via @HowardKurtz @MediaBuzzFNC",-0.4939,0,0.176,0.824
@FoxNews,.@TheJusticeDept has formally launched a federal investigation into @PPact practices and the sale of fetal tissue (‚Ä¶ https://t.co/xyaOiwLDsX,0.128,0.086,0,0.914
@FoxNews,.@McDonalds employee wearing antlers reportedly suspended for head-butting customer over nuggets https://t.co/cXHfBwOP0X,-0.4767,0,0.22,0.78
@FoxNews,".@DavidWohl on Mueller investigation: ""This process is so irreparably corrupted at this point that the only solutio‚Ä¶ https://t.co/taa543zRsN",0,0,0,1
@FoxNews,"Remembering Pearl Harbor, 76 years later. https://t.co/hLaTMfdk7w",0,0,0,1
@FoxNews,"In his speech announcing his resignation, @SenFranken slammed @POTUS. https://t.co/LCgMpZekrB https://t.co/1FBFwjU1cb",-0.296,0,0.18,0.82
@FoxNews,.@SenFranken's fellow Minnesota Democrat @amyklobuchar responds to his resignation. https://t.co/DmUKnENraq,-0.296,0,0.196,0.804
@FoxNews,'Sudden Case of Feverish Morality': @IngrahamAngle Calls Out Dems' 'Political Calculation' on @SenFranken https://t.co/IXqzwbPIsI,0,0,0,1
@FoxNews,"On @foxandfriends, @newtgingrich said there was a double standard in how the @FBI treated @HillaryClinton and‚Ä¶ https://t.co/O9i55mFEvL",0,0,0,1
@FoxNews,UN Ambassador @nikkihaley praised @realDonaldTrump‚Äôs decision to move the US Embassy to Jerusalem.‚Ä¶ https://t.co/rgXUc83V82,0.4939,0.198,0,0.802
@FoxNews,"The sun is seen through thick smoke generated by a wildfire in #SantaPaula, #California. https://t.co/AdFCqLzn7j https://t.co/W2FgCQlnC2",0,0,0,1
@FoxNews,".@jessebwatters on @POTUS's decision to recognize Jerusalem as the 'capital' of Israel: ""This is 'vintage Trump': h‚Ä¶ https://t.co/8fTrx52Qfl",0,0,0,1
@FoxNews,"TUNE IN: Donald Rumsfeld, the former defense secretary under Presidents George W. Bush and Gerald Ford, sits down w‚Ä¶ https://t.co/YOgW9Iw80d",0.128,0.073,0,0.927
@FoxNews,".@nikkihaley on backlash to @POTUS' Israel announcement: ""Courage doesn't come by doing what everybody else says. C‚Ä¶ https://t.co/EU4TAxwz1D",0.4939,0.158,0,0.842
@FoxNews,"Wisconsin high school teacher, 28, charged for alleged trysts with teen boy student https://t.co/E5yQFx27LU",-0.2023,0,0.122,0.878
@FoxNews,DNC Chair @TomPerez called for @SenFranken's resignation in light of another woman accusing him of sexual misconduc‚Ä¶ https://t.co/xOynK5w06U,-0.4404,0,0.196,0.804
@FoxNews,BREAKING NEWS: President Trump said Wednesday he is formally recognizing Jerusalem as Israel's capital and is order‚Ä¶ https://t.co/0IGHhjpCXe,0,0,0,1
@FoxNews,BREAKING NEWS: 6 female Democrat senators call for @SenFranken to step down. https://t.co/SK3RK2Mpll https://t.co/xUdNR1YG6B,0,0,0,1
@FoxNews,JUST IN: Corey Feldman's 1993 audio files naming alleged sexual predators found by Santa Barbara County Sheriff's O‚Ä¶ https://t.co/ZaDb4zNqm8,0,0,0,1
@FoxNews,"Jack Phillips, bakery owner on what happened after refusing to make a cake for a same-sex couple: ""We've had to sur‚Ä¶ https://t.co/dvSBEOMVQG",-0.4019,0,0.124,0.876
@FoxNews,.@POTUS plans to recognize Jerusalem as Israel's capital and move the U.S. Embassy there from Tel Aviv. https://t.co/uGpnFEMFvI,0,0,0,1
@FoxNews,'They Should All Step Aside': Ingraham Says Mueller Deputy Represented Clinton Foundation https://t.co/ff5wzXOQNh,0,0,0,1
@FoxNews,Refugee admissions tumble after Trump lifts ban https://t.co/AAZGVag6sm,-0.5574,0,0.34,0.66
@FoxNews,Firefighters saved a family's Christmas tree from California wildfires. @adamhousley  https://t.co/8uTm9VRcn3 https://t.co/EQIJFaDFIS,0.4215,0.219,0,0.781
@FoxNews,.@GovMikeHuckabee on John Conyers Retiring and Endorsing Son: Is This a 'Political Kingdom?' https://t.co/gAvoJ9SrmI,0,0,0,1
@FoxNews,"2 Utah girls found after kidnapping by 'doomsday prepper' dad who wed daughters to cult leader, cops say (via‚Ä¶ https://t.co/4XaYAFMXKo",-0.5859,0,0.174,0.826
@FoxNews,".@LawrenceBJones3: ""I wasn't too pleased with what came out of the tax bill... I guess you could say something is b‚Ä¶ https://t.co/EdKyiNiTwS",-0.3412,0,0.107,0.893
@FoxNews,Supporters dressed up as President @realDonaldTrump and Vice President @mike_pence look on as @POTUS arrived at Sal‚Ä¶ https://t.co/Jjin6tLwfo,0.4404,0.146,0,0.854
@FoxNews,".@AreuCathy on undocumented immigrants: ""An action is illegal, a person is not illegal."" https://t.co/EDOAOXjeYi",-0.5574,0,0.231,0.769
@CBS,"Get to know 2017 Kennedy Center honorees @LLCoolJ, Carmen de Lavallade (@CarmenDances), @GloriaEstefan,‚Ä¶ https://t.co/RGe3zqmY08",0.5106,0.202,0,0.798
@CBS,The Kennedy Center Honors recognizes the lifetime contributions of all types of performance artists. Watch the 40th‚Ä¶ https://t.co/azF3rW2ptw,0.5106,0.163,0,0.837
@CBS,RT @chattie: Watching #carolburnett50  can‚Äôt quit smiling. Brings me memories of watching on Saturday nights with my mom and grandma.,0.4588,0.136,0,0.864
@CBS,RT @CBSBigBrother: Mark. Your. Calendars. The celebrity edition of #BigBrother premieres February 7! https://t.co/nP3Do6jTwM,0,0,0,1
@CBS,"When #BrunoMars tells you to pick up the phone, that‚Äôs exactly what you do. https://t.co/JZDS26h3lL",0,0,0,1
@CBS,Some of the best moments happen behind the scenes! Here's your backstage pass to the 2017 Victoria's Secret Fashion‚Ä¶ https://t.co/S8MpOnhC6b,0.6696,0.191,0,0.809
@CBS,RT @SaraSampaio: It‚Äôs show time! Tune in now on cbs #vsfashionshow https://t.co/u75WfqCJr7,0,0,0,1
@CBS,Go backstage with the Angels as they get ready to walk the runway! Watch the #VSFashionShow tomorrow at 10/9c on CB‚Ä¶ https://t.co/o98pKc51Zq,0.4199,0.117,0,0.883
@CBS,Relive all the incredible music memories from 'GRAMMYs¬Æ Greatest Stories: A 60th Anniversary Special'. Watch it now‚Ä¶ https://t.co/t0LarCTxO1,0.6369,0.208,0,0.792
@CBS,Are you ready for the concert event of the year? Bruno Mars: 24K Magic Live at the Apollo is coming to CBS on Wedne‚Ä¶ https://t.co/OBI6LtE4d1,0.3612,0.094,0,0.906
@CBS,"RT @TheTalkCBS: Get to know our new co-host, @TheRealEve‚Äã üíñüíñ https://t.co/0FRuwVanNg",0,0,0,1
@CBS,"RT @startrekcbs: Stream the fall finale this Sunday, Nov. 12. #StarTrekDiscovery continues January 7, 2018. Learn what's in store for episo‚Ä¶",0,0,0,1
@CBS,"RT @ManWithAPlan: Hi-five, fans! #ManWithAPlan will premiere Monday, Nov. 13 at 8:30/7:30c on @CBS!üñêüèº https://t.co/njrMa5S6Qz",0,0,0,1
@CBS,The Halloween fun isn‚Äôt over for @lucastill and George Eads. Tune in to a spooky episode of #MacGyver now! https://t.co/nJePYNhmUa,0.5562,0.166,0,0.834
@CBS,"This Friday, @MacgyverCBS' @LucasTill plays Vincent in the animated special Michael Jackson's Halloween. Don't miss‚Ä¶ https://t.co/Dg6w6yWevA",0.5719,0.251,0,0.749
@CBS,RT @marythechief: Thnx 2 my beautiful friend &amp; advocate @wcruz73 I just took @glaad ‚Äòs #SpiritDay pledge against bullying! Join me at https‚Ä¶,0.69,0.315,0.128,0.558
@CBS,Stream the Philadelphia Eagles @ Carolina Panthers LIVE tonight at 8:25PM ET! Try #CBSAllAccess FREE:‚Ä¶ https://t.co/vIaCChwfCv,0,0,0,1
@CBS,RT @jecwilk: Think I found my new favourite thing about Sunday nights. So far SO good!  #WisdomoftheCrowd,0.6685,0.23,0,0.77
@CBS,Stream the season premiere of #NCIS tonight at 8/7c! Try #CBSAllAccess FREE: https://t.co/sbX2yOzCQx https://t.co/x3EdaVG5JF,0.6514,0.25,0,0.75
@CBS,"RT @startrekcbs: Find out how, when &amp; where you can watch #StarTrekDiscovery beginning tonight: https://t.co/G9FXfmX6TN https://t.co/10eqQ2‚Ä¶",0,0,0,1
@CBS,Check out the photos of some behind-the-scenes moments you may have missed from TV's biggest night:‚Ä¶ https://t.co/IyMJEOUZfQ,-0.296,0,0.121,0.879
@CBS,"Classic CBS stars, Norman Lear and Carol Burnett made an appearance tonight at the #Emmys! https://t.co/lkQp6uKMyg",0,0,0,1
@CBS,RT @TheEmmys: Congrats @nbcsnl on your Primetime #Emmy¬†Award for Best #VarietySketch Series https://t.co/DYhkh2NxNN,0.9022,0.502,0,0.498
@CBS,RT @colbertlateshow: The most important part of any #Emmys rehearsal... practicing how to make @Oprah your best friend. (Yep. I'm coming fo‚Ä¶,0.8588,0.333,0,0.667
@CBS,RT @Momof3princess: My kids are laughing at me but I am singing right along #ACMHonors https://t.co/kSAoPXEqZQ,0.2732,0.13,0,0.87
@CBS,How does @Reba feel to receive the Mae Boren Axton Service Award at this year's #ACMHonors? Tune in tomorrow @ 9/8c‚Ä¶ https://t.co/mueGvWtKzM,0.5423,0.149,0,0.851
@CBS,The countdown is on! Join host Stephen Colbert this Sunday for the 69th Emmy Awards at 8pm ET/ 5pm PT on CBS &amp; CBS‚Ä¶ https://t.co/Ny8Jq25q2G,0.6696,0.193,0,0.807
@CBS,"RT @TheTalkCBS: Premiere week celebrities include @StephenAtHome, @mindykaling, Mark Harmon &amp; @maria_bello (@NCIS_CBS), @EyeOfJackieChan, @‚Ä¶",0,0,0,1
@CBS,RT @YoungSheldon: The cast of #YoungSheldon got to see the #SolarEclipse2017! Did you see it yet? https://t.co/NAGt5Xv1l6,0,0,0,1
@CBS,Lather. Stream. Repeat. Watch soaps 24/7 with #CBSAllAccess. Try 1 week FREE: https://t.co/6dDTBrAuq9 https://t.co/EJeJmQ0S3P,0.6166,0.252,0,0.748
@CBS,"RT @SEALTeamCBS: ""We‚Äôre going to tell stories about the toll it takes on the people who do this work."" - Sarah Timberman, Executive Produce‚Ä¶",0,0,0,1
@CBS,RT @SalvationCBS: Who can you trust when the fate of the world is at stake? ‚òÑÔ∏è Take a sneak peek at what's coming this season on #Salvation‚Ä¶,0.5106,0.117,0,0.883
@CBS,RT @AmazingRaceCBS: Congratulations to the #AmazingRace for their #Emmys nomination in the category of Outstanding Reality-Competition Prog‚Ä¶,0.836,0.345,0,0.655
@CBS,"RT @SalvationCBS: The future of humanity is in jeopardy. #Salvation premieres Wednesday, July 12th at 9/8c on @CBS. https://t.co/YUuhfAgVBB",-0.4767,0,0.147,0.853
@CBS,RT @CandyCrushCBS: Everything you love about Candy Crush gets super-sized on July 9th. üç• #CandyCrushCBS https://t.co/0uvTsTWEtg,0.5574,0.223,0.085,0.691
@CBS,Down to catch up? Every episode from the latest season of #H50 is streaming now. Try 1 week FREE w/ #CBSAllAccess:‚Ä¶ https://t.co/7LGwBdcHCI,0.6166,0.168,0,0.832
@CBS,RT @CandyCrushCBS: Did you know... üåõ #CandyCrushCBS https://t.co/90GYziaQug,0,0,0,1
@CBS,Christopher Ashley wins Best Direction of a Musical. #TonyAwards2017 @wecomefromaway https://t.co/ivvfCssmA0,0.836,0.497,0,0.503
@CBS,A beautiful and emotional performance. üé∂ @MissSaigonUS #TonyAwards2017 https://t.co/UuAhZoeOFJ,0.6705,0.524,0,0.476
@CBS,"RT @SalvationCBS: Say your prayers. The sky is falling. #Salvation is a new suspense thriller coming to @CBS on Wednesday, July 12. https:/‚Ä¶",-0.0516,0.061,0.07,0.87
@CBS,"Yes, it's true! Every episode from the latest season of #Scorpion is streaming now. Try 1 week FREE w/‚Ä¶ https://t.co/G4AoIRoDc2",0.8697,0.38,0,0.62
@CBS,RT @NCISLA: Take a look back at everything that led up to the latest major #Densi moment on #NCISLA: https://t.co/dLdBf0b0WR https://t.co/R‚Ä¶,0,0,0,1
@CBS,Get familiar with the cast of the new CBS shows before the upcoming fall season. See all photos:‚Ä¶ https://t.co/Ng9k95xguF,0,0,0,1
@CBS,Lucy is California dreaming... in color! Watch the colorized Hollywood episodes in 'The New I Love Lucy Superstar S‚Ä¶ https://t.co/5Gk58tWG1D,0.6696,0.2,0,0.8
@CBS,"Kick off tonight‚Äôs #TheGreatIndoors finale with the cast, and @etnow‚Äôs @leanneaguilera! Watch LIVE now:‚Ä¶ https://t.co/mbAPooO4xS",0,0,0,1
@CBS,Stream FULL seasons of current hit shows with 1 month FREE of #CBSAllAccess. Use code STREAMITALL by 5/8:‚Ä¶ https://t.co/cR8PqVrsHZ,0.6166,0.192,0,0.808
@CBS,"RT @NCISLA: They'll do anything to find the truth. Watch #NCISLA tonight after 60 Minutes, or stream it with @CBS All Access: https://t.co/‚Ä¶",0.3182,0.095,0,0.905
@CBS,RT @sandylkoch: Yesssssss Barry! !! #BeeGees,0,0,0,1
@CBS,Beautiful way to honor the #BeeGees. #GRAMMYSalute https://t.co/6kWPBdIh4L,0.7964,0.542,0,0.458
@CBS,RT @ksb1908: I'm a #fan. I ‚ù§Ô∏è the #beegees!,0,0,0,1
@CBS,#TBT to the days of disco fever! Celebrate the #BeeGees w/ @LittleBigTown when they perform a special tribute this‚Ä¶ https://t.co/MbZxZvQ2t7,0.7712,0.282,0,0.718
@CBS,Only 1 episode left this season! Stream episode 9 of @TheGoodFight now on #CBSAllAccess: https://t.co/9MnQAAJN3Y https://t.co/kmB6wQXfl9,0,0,0,1
@CBS,The NCAA Championship is here! Don‚Äôt miss college basketball today on CBS! Stream it LIVE. Check your local listing‚Ä¶ https://t.co/FrzpR6FRd5,0.4374,0.151,0.069,0.78
@CBS,Cole Swindell and Dierks Bentley are having a ball on stage! #ACMs https://t.co/aiLoMVnUJZ,0,0,0,1
@CBS,.@DierksBentley lights up the #ACMs stage! https://t.co/nu4BoU1leQ,0,0,0,1
@CBS,"Get ready for #ACMs with an unlimited look into @MarenMorris, winner of New Female Vocalist of the Year, pres. by‚Ä¶ https://t.co/oiZ8DheuuM",0.743,0.249,0,0.751
@CBS,"Join @MaddieandTae for one big country music family reunion at the #ACMs Sunday, April 2 on CBS and CBS All Access.‚Ä¶ https://t.co/2dzpsGqKNo",0.296,0.099,0,0.901
@CBS,"RT @CandyCrushCBS: The sweet, new summer game show is coming to @CBS‚Äã this July. #CandyCrushCBS https://t.co/Tjaf5ETNUr",0.4588,0.167,0,0.833
@CBS,Watch new episodes of @TheGoodFight every Sunday. Stream episodes 1-6 now on #CBSAllAccess: https://t.co/CwMHpbKkhb https://t.co/xJV7BqZPsJ,0,0,0,1
@CBS,RT @AmazingRaceCBS: It's the moment you've been waiting for! Meet the cast of The #AmazingRace Season 29: https://t.co/6nRggDIsvX https://t‚Ä¶,0,0,0,1
@CBS,RT @MomCBS: Bonnie helps Christy after a car accident in tonight's all-new #Mom. Sneak a peek now: https://t.co/E1PzGPQ5io https://t.co/TR9‚Ä¶,-0.128,0.126,0.15,0.725
@CBS,RT @survivorcbs: This isn't his first rodeo. #SurvivorGameChangers #Survivor500 https://t.co/xC9FLuEgJg,0,0,0,1
@CBS,Do you remember? Dramatic Series Premieres That Grabbed Us And Didn't Let Go: https://t.co/fMUmOBm1jk https://t.co/oLMHa4RBK2,0,0,0,1
@CBS,RT @LisaScottoline: Wow! @thegoodfight is off to a great start and Christine Baranski is great! #theGoodFight,0.9272,0.512,0,0.488
@CBS,"RT @thegoodfight: ""Having the spinoff on CBS All Access was a logical progression for The Good Wife."" -Christine Baranski #TheGoodFight htt‚Ä¶",0.4404,0.132,0,0.868
@CBS,Watch @BrunoMars perform his funky new single at the #GRAMMYs: https://t.co/wZw8Is07ua https://t.co/KIiaI5vtsC,-0.1027,0,0.113,0.887
@CBS,This is not your traditional wedding anniversary gift. #GRAMMYs https://t.co/RdigUsNHCD,0.4404,0.244,0,0.756
@CBS,üé∂ @twentyonepilots win the Best Pop Duo/Group Performance #GRAMMYs See who‚Äôs won so far https://t.co/t67dXkqIPQ üé∂ https://t.co/MZek7H6a5b,0.9136,0.494,0,0.506
@CBS,Why @Adele is queen of social media üëë:: https://t.co/MSah03ujYq. Don't miss her perform live at the #GRAMMYs Sun Fe‚Ä¶ https://t.co/ci1sjq74QW,0.1139,0.071,0,0.929
@CBS,Congratulations to the #ArtistOfTomorrow winner @DrakeWhite! Watch him perform Feb 12 at https://t.co/ZRkGPtyAMq. https://t.co/cMe5pb7Hhp,0.8398,0.4,0,0.6
@CBS,RT @CodeBlackCBS: .@MGH_8 @RobLowe @BorisKodjoe &amp; @william_a_young talk #CodeBlack's season finale w/ EP @michaelseitzman. Watch now https:‚Ä¶,0,0,0,1
@CBS,RT @BlueBloods_CBS: Will Frank release a killer in order to stop the violence? Don't miss #BlueBloods tonight at 10/9c on @CBS: https://t.c‚Ä¶,-0.8795,0.05,0.365,0.585
@CBS,"RT @TrainingDayCBS: #TrainingDay Social Poll #7 üìä

Would you ever take justice into your own hands if there was no other way?",0.296,0.138,0.089,0.772
@CBS,Get ready for the hottest collaborations of the year when these superstars team up for the 2017 #GRAMMY awards.‚Ä¶ https://t.co/j2mvkYgT1Y,0.3612,0.116,0,0.884
@CBS,RT @THEGaryBusey: #Hunted was interesting to watch. My wife loved it.,0.765,0.423,0,0.577
@CBS,Stream the Presidential Inauguration LIVE on CBSN &amp; watch as President-elect Donald Trump takes the oath of office:‚Ä¶ https://t.co/2dtF6hrpxz,0,0,0,1
@CBS,Get a peak backstage at the People‚Äôs Choice Awards with CBS #PCAs https://t.co/TKGdxoFChe,0.4588,0.214,0,0.786
@CBS,RT @peopleschoice: The #PCAs red carpet is in full swing! See the action on our Facebook LIVE &amp; with @Christine_Ko's BTS pics on our Instag‚Ä¶,0,0,0,1
@CBS,71st annual @TheTonyAwards will return to Radio City Music Hall in NYC on June 11th! https://t.co/fTVLmgSU4g https://t.co/Nd7F9b5inc,0,0,0,1
@CBS,"The next chapter of #TheGoodWife story begins. @TheGoodFight premieres Sunday, February 19. https://t.co/WuGP7pyi2D https://t.co/rbu9H5NKZl",0,0,0,1
@CBS,"RT @TrainingDayCBS: In 1 MONTH, return to the streets of LA in the series premiere of #TrainingDay. üëä February 2 on #CBS. https://t.co/H25F‚Ä¶",0,0,0,1
@CBS,RT @marcusuntrell: #MarthaArgerich is being honored now! #KCHonors @kencen,0.6239,0.338,0,0.662
@CBS,RT @SurfBelle2: Wonderful tribute to James Taylor and we could all sing along. Great start to #KCHonors @CBS @KenCen,0.8316,0.315,0,0.685
@CBS,Give yourself the gift of streaming by signing up for #CBSAllAccess. Try one week free now: https://t.co/TkjUI80EKz https://t.co/n5XF92S0gd,0.7351,0.279,0,0.721
@CBS,Michelle Obama discusses the impact that military families had on her as First Lady. Watch LIVE now‚Ä¶ https://t.co/hYTGfkzVuP,0,0,0,1
@CBS,"Oh, what fun it is to stream! Catch up on last night's #BigBangTheory episode + many more with #CBSAllAccess:‚Ä¶ https://t.co/4szpMmtFXY",0.5562,0.166,0,0.834
@CBS,RT @HawaiiFive0CBS: How did he know where the body was buried? Check out this #H50 sneak peek. https://t.co/5vjefmaT3J,0,0,0,1
@CBS,"This Bright Night look contains over 450,000 Swarovski crystals #VSFashionShow @JosephinSkriver https://t.co/znquxbTPSz",0.4404,0.209,0,0.791
@CBS,See what it‚Äôs like to be a first-timer on the #VSFashionShow runway https://t.co/528IRj0hUa @LilyAldridge https://t.co/kVJNBiDNrw,0.3612,0.161,0,0.839
@CBS,The Victoria‚Äôs Secret Fashion Show starts NOW! Watch TV‚Äôs sexiest night live w/ CBS All Access‚Ä¶ https://t.co/9xvluCg81x,0,0,0,1
@CBS,"NFL comes to #CBSAllAccess starting Sunday, Dec. 4, 2016: https://t.co/OnAgKVajoS https://t.co/Tmm6Cww2cS",0,0,0,1
@CBS,Kick off your weekend with everyone‚Äôs favorite snowman! #FrostyTheSnowman starts now! https://t.co/07Wo27cOor,0.555,0.246,0,0.754
@CBS,RT @CrimMinds_CBS: Catch up on last night's full episode of #CriminalMinds now: https://t.co/9cix9D9qA3 https://t.co/TELvue1RaB,0,0,0,1
@CBS,"RT @CBSBigBrother: For a limited time only, watch the premiere episode of @BBOverTheTop for FREE: https://t.co/vvN5psWP9H #BBOTT https://t.‚Ä¶",0.4824,0.193,0.091,0.717
@CBS,It's not always easy to predict a blindside on @survivorcbs. Pretty sure nobody saw THAT one coming:‚Ä¶ https://t.co/XI97NBF3Nd,0.4756,0.251,0.11,0.639
@CBS,"Due 2 #NFL game,#60Mins #NCISLA #MadamSecretary #Elementary delayed 38mins ONLY in Charlotte,NewOrleans,Houston,Omaha,states of E MI,SD,ND.",-0.2263,0,0.137,0.863
@CBS,RT @ScorpionCBS: #TeamScorpion settles in for a long night inside the Los Angeles Natural History Museum. Sneak Peek: https://t.co/0QNLNp3z‚Ä¶,0.3612,0.128,0,0.872
@CBS,RT @PriceIsRight: TODAY: 3 lucky contestants spun $1... and then the Internet lost its mind. WATCH: https://t.co/JR3Ax1OHYy https://t.co/tR‚Ä¶,0.128,0.139,0.114,0.746
@CBS,Walter showed off his moves on last night's @ScorpionCBS. Watch the latest episode: https://t.co/GeSzqykRZQ https://t.co/RBlChGM1LR,0,0,0,1
@CBS,Team @ScorpionCBS is back in action. Watch the season premiere tonight or stream it live with #CBSAllAccess:‚Ä¶ https://t.co/RRos3Cy2yu,0,0,0,1
@nytimes,"Our photojournalist took a 3-month, 12,000-mile journey through Australia‚Äôs outback. Here's what he saw.‚Ä¶ https://t.co/aBA8AAv5yO",0,0,0,1
@nytimes,These videos include graphic scenes of violence and have sparked outrage over police treatment of black people https://t.co/OnlhCw04E1,-0.8126,0,0.316,0.684
@nytimes,"Read our spoiler-free guide to all things ""Star Wars: The Last Jedi."" Or don't. We're not your father. https://t.co/TJqo3ARbTa",-0.5574,0,0.167,0.833
@nytimes,"Best known for heading the team that produced The Times‚Äôs ‚Äúinnovation report‚Äù in 2014, A. G. Sulzberger will be the‚Ä¶ https://t.co/mMjKI1B00T",0.6369,0.174,0,0.826
@nytimes,Opinion: The politics of #HimToo https://t.co/6Kan9DNd5g,0,0,0,1
@nytimes,"RT @NeilMacFarquhar: #Putin: US accusations of Russian meddling is ""hysteria,"" not least given the tiny numbers and small footprint of RT n‚Ä¶",-0.3182,0,0.099,0.901
@nytimes,"‚ÄúYou may remember when you were a little kid, your dad took care of my Beau,‚Äù Joe Biden said to Meghan McCain in a‚Ä¶ https://t.co/MIZLytMAHZ",0.4939,0.122,0,0.878
@nytimes,"How the tide turned against Roy Moore in Alabama
https://t.co/EwsVg7LVfz",0,0,0,1
@nytimes,"‚ÄúI gave up something that I loved to do. I erased myself,‚Äù Drew Dixon said. Now, ‚ÄúI want people to know why.‚Äù https://t.co/1cFH1oC8xG",0.6369,0.215,0,0.785
@nytimes,RT @nytimesworld: President Jacob Zuma of South Africa suffered a stinging legal defeat in his attempt to block a corruption inquiry agains‚Ä¶,-0.8225,0.056,0.342,0.602
@nytimes,But the reviews were not uniformly positive. @blowryontv of @CNN said the film ‚Äúfeels like a significant letdown.‚Äù‚Ä¶ https://t.co/f9dj6vTHNM,0.0966,0.193,0.132,0.675
@nytimes,"""I took action."" Ridley Scott talks about reshooting ""All the Money in the World,"" featuring Christopher Plummer in‚Ä¶ https://t.co/ZyUaAlUWQK",0,0,0,1
@nytimes,"""Decency wins,"" Jeff Flake tweeted. A roundup of reactions after the Alabama election: https://t.co/YtmeWhIFTu",0,0,0,1
@nytimes,"The pain ultimately eases, almost without you noticing it. But it still slaps back. https://t.co/Q9lFyyAcro

This w‚Ä¶ https://t.co/5fWbRrbqQF",-0.25,0.106,0.153,0.741
@nytimes,"RT @nytpolitics: ‚ÄúAt the end of the day, this entire race has been about dignity and respect,"" Doug Jones said during his remarks. ""This ca‚Ä¶",0.4019,0.101,0,0.899
@nytimes,Our reporter @alexburnsNYT goes through all the decisions made by the GOP that led to Alabama's special election https://t.co/bT8D3KSbaX,0.4019,0.13,0,0.87
@nytimes,The best pop and jazz albums of 2017 https://t.co/6HJtJSUgu1,0.6369,0.344,0,0.656
@nytimes,"The Alabama Senate candidates, Roy Moore (on horseback) and Doug Jones, cast their votes https://t.co/dvhinGCV0F https://t.co/VGyIosWygg",0,0,0,1
@nytimes,The best albums of 2017 https://t.co/maaPpNFXUI,0.6369,0.457,0,0.543
@nytimes,"Ed Lee, a civil rights lawyer who became the first Asian-American to be elected as mayor of San Francisco, has died‚Ä¶ https://t.co/bO5myX6JgF",0,0,0,1
@nytimes,A Chinese county is constructing refugee camps for the North Koreans it fears may soon flood its border https://t.co/rg6gmldA47,-0.4215,0,0.141,0.859
@nytimes,A peek into the inner workings of Rep. Blake Farenthold's office reveals what former aides call a hostile workplace‚Ä¶ https://t.co/FtJ9KAycc1,-0.3818,0,0.133,0.867
@nytimes,"Excited about ""The Crown""? Here's where to watch more movies and TV series about British history. https://t.co/bDlURur4jE",0.34,0.13,0,0.87
@nytimes,EU leaders rejected Benjamin Netanyahu's request to recognize Jerusalem as Israel's capital https://t.co/hhtb86qwMF,-0.5106,0,0.216,0.784
@nytimes,"Traditional sexual harassment trainings can backfire, but there are approaches that have been proven effective https://t.co/vyVGdsGCwl",0.4404,0.203,0.11,0.686
@nytimes,‚ÄúThe whole game has shifted.‚Äù New York and its suburbs are pondering the financial hit to the region from the Repub‚Ä¶ https://t.co/rvC3iLSpzg,0,0,0,1
@nytimes,"RT @NYTHealth: Despite the progress we‚Äôve made, a doctor with a disability is still an extremely rare sight https://t.co/Y1mZkNS2Dq",0.4215,0.149,0,0.851
@nytimes,Op-Ed Columnist: Susan Collins and the Duping of Centrists https://t.co/sGjJ28NHxJ,0,0,0,1
@nytimes,Sometimes it‚Äôs hard to keep track of what‚Äôs arriving when. But we‚Äôre here to help. https://t.co/peCXk6zyrC,0.3182,0.149,0.077,0.773
@nytimes,At center stage of what looked like a Nine Inch Nails concert was Taylor Swift https://t.co/ByBFKKZWg1,0.5106,0.249,0,0.751
@nytimes,"Trump sees the presidency as a prize he must fight to protect every waking moment, and Twitter is his Excalibur‚Ä¶ https://t.co/6aEvx25mLU",0.5106,0.231,0.102,0.667
@nytimes,Older Venezuelans who have migrated say that arguably the biggest hardship is starting over in their sunset years https://t.co/Z9RfqIqtuH,-0.5106,0,0.202,0.798
@nytimes,"On Washington: How Arctic Drilling, Stymied for Decades, Made Surprise Return in Tax Bill https://t.co/VI6u4ctFHB",0.2732,0.13,0,0.87
@nytimes,RT @AKannapell: What We‚Äôre Reading: a rich range of recommendations via @AnnaDubenko @rodnordland @tripgabriel @Lyrichnyc @prashantrao @lia‚Ä¶,0.5574,0.194,0,0.806
@nytimes,"RT @dionnesearcey: ‚ÄúThe soldiers would come and hold me so tight,"" a 13-year-old girl told me, describing how she was raped at a camp after‚Ä¶",-0.6808,0,0.173,0.827
@nytimes,‚ÄúI look at it as God just gave me a fight to beat. I‚Äôm beating it.‚Äù https://t.co/ih6sLp66zF,-0.5423,0.101,0.271,0.628
@nytimes,"29,000 square feet. 400 employees. Hundreds of coffee drinkers. A look inside the largest Starbucks in the world: https://t.co/DWLmMNs8c4",0,0,0,1
@nytimes,"Modern Love: ""At work, vulnerability led to failure, but in love, vulnerability is the only way forward"" https://t.co/QmUHcVfm4c",0.6652,0.307,0.218,0.475
@nytimes,Justice Department appears to be laying the groundwork for an investigation into the transfer of fetal tissue by ab‚Ä¶ https://t.co/Oq6ks3I8Wo,0.5267,0.152,0,0.848
@nytimes,RT @marclacey: The death toll from Hurricane Maria in Puerto Rico is officially 62. Data compiled by @nytimes puts it higher--much higher.‚Ä¶,-0.5994,0,0.157,0.843
@nytimes,"He readied his live shot and descended to an altitude of 1,500 feet. Into the smoke. https://t.co/jup7Zuz98p",0,0,0,1
@nytimes,Opinion: There was no peace process for Trump to destroy https://t.co/iCJlhcYi30,-0.296,0.203,0.331,0.465
@nytimes,Nearly every former U.S. ambassador to Israel disagrees with President Trump‚Äôs Jerusalem decision https://t.co/iEDfae9SAp,-0.3182,0,0.15,0.85
@nytimes,"Daniel Kaluuya: https://t.co/elYxTDv46j 

Brooklynn Prince: https://t.co/OCvB3tdPXD 

Jake Gyllenhaal:‚Ä¶ https://t.co/4Nm1wzFaKV",0,0,0,1
@nytimes,Congress averted a government shutdown by approving a stopgap spending bill that will keep things running for 2 wee‚Ä¶ https://t.co/3HIwUPBvGQ,-0.0772,0,0.075,0.925
@nytimes,Where to stream some of the best movies of 2017 https://t.co/RBUxHwN2zk,0.6369,0.296,0,0.704
@nytimes,RT @JohnBranchNYT: I'm looking for things to smile about. This did it. https://t.co/MLMdsFVdgI,0.3612,0.172,0,0.828
@nytimes,Morning¬†Briefing: Here's what you need to know to start your day https://t.co/Niz00OCXXs https://t.co/DPbIT6cT4B,0,0,0,1
@nytimes,Hundreds of bullet-ridden reindeer skulls were strung up outside Norway's Parliament https://t.co/unXmmB2ePa,0,0,0,1
@nytimes,"For Trump, Jerusalem's status was always more a political imperative than a diplomatic dilemma, @MarkLandler writes https://t.co/J3RXvcTAyH",-0.1779,0,0.108,0.892
@nytimes,The best movies of 2017 https://t.co/ToMngMpdxc,0.6369,0.457,0,0.543
@nytimes,How did Yemen fall so far and so fast into crisis? https://t.co/FBuFT06zl8,-0.6557,0,0.284,0.716
@nytimes,"RT @VivianHYee: I did some moonlighting for the Culture desk to bring you TRANSPARENT news: Jeffrey Tambor isn't quitting, but the sexual h‚Ä¶",0,0,0,1
@nytimes,How Amazon enabled a wave of cheap consumer devices https://t.co/cOOjP9gZpv,0.1779,0.175,0,0.825
@nytimes,The White House political affairs office has been effectively replaced by Trump and his Twitter account  https://t.co/qF8krCNu4U,0.4404,0.153,0,0.847
@nytimes,"RT @nytimesworld: When Toblerone reconfigured its chocolate bar, a British chain released a rival, Twin Peaks. (Lawyers were called.) https‚Ä¶",0,0,0,1
@nytimes,"RT @sewellchan: No, Jerusalem hasn‚Äôt been continuously fought over for millennia. The present conflict has roots in 20th-c colonialism and‚Ä¶",-0.7003,0,0.286,0.714
@nytimes,Evening Briefing: Here's what you need to know at the end of the day https://t.co/Uvxy1g0WJr,0,0,0,1
@nytimes,"Jerusalem has long been contested by Jews, Christians, Muslims and external powers. Its future remains far from cle‚Ä¶ https://t.co/SX7I1jN81R",0,0,0,1
@nytimes,"A former president of Georgia led protests after escaping arrest in Ukraine, in part by threatening to jump from a‚Ä¶ https://t.co/Iltuc3FqyI",-0.7579,0.048,0.309,0.643
@nytimes,Among the tax bill‚Äôs biggest losers: Blue state taxpayers https://t.co/RotX78XqlL https://t.co/yBIFMqeu2E,-0.5267,0,0.254,0.746
@nytimes,"Facebook has introduced a new app for children 13 and under, provoking a debate among families https://t.co/STd7hbjpo6",-0.2023,0,0.114,0.886
@nytimes,The best TV shows of 2017 https://t.co/5YzUjvik4L,0.6369,0.412,0,0.588
@nytimes,Where to watch the best TV shows of 2017 https://t.co/nfhWhwsCLe,0.6369,0.318,0,0.682
@nytimes,He drew a school shooting on his stepchild's homework assignment. He has been charged with a second-degree felony. https://t.co/9IkwRXCjS4,-0.6486,0,0.261,0.739
@nytimes,A dying man had ‚Äúdo not resuscitate‚Äù tattooed on his chest. Doctors said it ‚Äúproduced more confusion than clarity.‚Äù https://t.co/Ltnl4ZISI1,-0.3597,0,0.122,0.878
@nytimes,"Breaking News: Yemen's ex-president has been killed, reports say. His death could escalate a Saudi-Iran proxy war t‚Ä¶ https://t.co/bExWXMHWo8",-0.9231,0,0.451,0.549
@nytimes,"The drills include attacks on mock North Korean nuclear and missile targets, South Korea's military said https://t.co/GJ4bFw9cVG",-0.6908,0,0.275,0.725
@nytimes,Why Western leaders' best plan for isolating far-right parties might just make them stronger https://t.co/IPZPcoQN6S,0.8591,0.442,0,0.558
@nytimes,"In Japan, the most rapidly aging society, the elderly often live, and die, alone. They're called ""lonely deaths."" https://t.co/89CgY3cozn",-0.8126,0,0.344,0.656
@nytimes,‚ÄúCoco‚Äù has passed $100 million in total grosses https://t.co/BJuPKAwIl4,-0.2023,0,0.184,0.816
@nytimes,"Republicans who despise Roy Moore may vote for him anyway in Alabama, solely because he isn‚Äôt a Democrat https://t.co/L4i7yh0qk5",-0.34,0,0.124,0.876
@nytimes,The FBI agent was cut from the Russia inquiry in the summer over possible anti-Trump views expressed in text messag‚Ä¶ https://t.co/9uAlQ7Vwb2,-0.2732,0,0.095,0.905
@nytimes,Phys Ed: How Running May or May Not Help the Heart https://t.co/AQ96bUwawE,0.4019,0.197,0,0.803
@nytimes,The Walt Disney Company is said to have resumed talks with 21st Century Fox about buying at least part of the compa‚Ä¶ https://t.co/iwVERWFPli,0,0,0,1
@nytimes,RT @nytmike: Emails we obtained from inside the Trump transition team show just how much Trump‚Äôs aides were concerned about sanctions on De‚Ä¶,0,0,0,1
@nytimes,"RT @nytmike: A rare public statement on the record from the Special Counsel's office to the media: ""Immediately upon learning of the allega‚Ä¶",0.4019,0.114,0,0.886
@nytimes,"Some colleges have more students from the top 1% than the bottom 60. Find yours. https://t.co/coxMm43wI6 

This was‚Ä¶ https://t.co/yeeDxmUf9B",0.2023,0.091,0,0.909
@nytimes,How 41 people in Lithuania took over your Facebook feed https://t.co/PhMNyYOq6p,0,0,0,1
@nytimes,RT @nytpolitics: Latest from the Senate: Vice President Mike Pence provided a tie-breaking vote to pass an amendment on the tax bill offere‚Ä¶,0,0,0,1
@nytimes,2 productions of plays by Israel Horovitz have been canceled after sexual misconduct accusations https://t.co/P80KB548cC,-0.0772,0.123,0.141,0.736
@nytimes,James Comey quoted a Bible passage about justice on Twitter just after Michael Flynn pleaded guilty https://t.co/emRNItBPA5,0.1531,0.168,0.139,0.693
@nytimes,Senate leaders say they have 50 votes needed to pass the tax bill https://t.co/3SmqOiU94X,0,0,0,1
@nytimes,Morning¬†Briefing: Here's what you need to know to start your day https://t.co/Wwe03IwD5z https://t.co/sKhPFZlGcO,0,0,0,1
@nytimes,"Niger gave the Pentagon permission to fly armed drones there, a major expansion of the military‚Äôs footprint in Afri‚Ä¶ https://t.co/zMarezjBnT",0,0,0,1
@nytimes,"Jay-Z sat down with Dean Baquet, the executive editor of The New York Times, for a discussion on race, rap, politic‚Ä¶ https://t.co/1LyZyVdUG6",0,0,0,1
@nytimes,Your Christmas tree will probably cost more this year than last. Blame it on the Great Recession. https://t.co/c0td8cNzIh,-0.0258,0.169,0.214,0.617
@nytimes,"RT @jasondhorowitz: In Dhaka, Pope Francis begins finding his lost voice on Rohingya. US ambassador here asks ‚ÄúDo they have a voice?‚Äù https‚Ä¶",-0.3182,0,0.099,0.901
@nytimes,"""Where is the line between culturally appropriate dress and cultural appropriation?"" fashion critic @VVFriedman asks https://t.co/AlKaqyaARI",-0.2732,0,0.123,0.877
@nytimes,"A former employee said Matt Lauer summoned her to his office in 2001, locked the door and sexually assaulted her https://t.co/vXA6GZyLH8",-0.5267,0,0.152,0.848
@nytimes,"Trump falsely said the tax cut wouldn't benefit him, is the largest in history and hasn‚Äôt occurred since the 1980s https://t.co/OzMD2VnVq6",-0.5544,0,0.194,0.806
@nytimes,Watch live: California Gov. Jerry Brown discusses fighting climate change in the face of political headwinds https://t.co/YWIe798p9C,-0.3612,0,0.135,0.865
@nytimes,Senate voted to begin debate on the tax overhaul as GOP leaders continue trying to secure votes for final passage https://t.co/RNLBZ9aATV,0.34,0.107,0,0.893
@nytimes,North Korea's nuclear claims raise the question of whether a deal to freeze its arsenal could be a possibility https://t.co/rvMaMInyHB,0.0516,0.066,0,0.934
@nytimes,"Jay-Z on his marriage to Beyonc√©: ""We were using our art almost like a therapy session."" https://t.co/LAHnDKIpFH",0.2975,0.128,0,0.872
@nytimes,"See the internet in real life, in our #Daily360: https://t.co/QIuZH8JUp4",0,0,0,1
@nytimes,"In the fall, @nytopinion went to North Korea to see if ""whether there is a real chance millions of people might die"" https://t.co/4Wy4yA4PS3",-0.4404,0.077,0.151,0.772
@nytimes,Prince Harry and Meghan Markle plan to wed in St. George‚Äôs Chapel at Windsor Castle in May 2018 https://t.co/ICid4Cq9qW,0,0,0,1
@nytimes,"""My 5-year-old son tells everyone that the hero, Miguel, is Latino 'just like me,' "" says one reader https://t.co/KEML48ycmK",0.7269,0.276,0,0.724
@nytimes,"RT @nytopinion: North Korea fired a ballistic missile today. In the fall, our journalists visited North Korea to understand whether war was‚Ä¶",-0.8176,0,0.283,0.717
